date,Qobs,Qb_o_o,Qb_o_09,Qb_o_omedian,Qb_m_09,Qb_m_o,Qb_m_omedian,Qb_Af_09,Qb_Af_o,Qb_Af_omedian
2004-06-01,5.09770603228547,NaN,NaN,NaN,NaN,NaN,NaN,NaN,NaN,NaN
2004-06-02,4.95610308694421,NaN,NaN,NaN,NaN,NaN,NaN,NaN,NaN,NaN
2004-06-03,5.66411781365052,NaN,NaN,NaN,NaN,NaN,NaN,NaN,NaN,NaN
2004-06-04,4.53129425092042,NaN,NaN,NaN,NaN,NaN,NaN,NaN,NaN,NaN
2004-06-05,3.39847068819031,NaN,NaN,NaN,NaN,NaN,NaN,NaN,NaN,NaN
2004-06-06,2.97366185216652,NaN,NaN,NaN,NaN,NaN,NaN,NaN,NaN,NaN
2004-06-07,2.71877655055225,NaN,NaN,NaN,NaN,NaN,NaN,NaN,NaN,NaN
2004-06-08,2.50920419144718,NaN,NaN,NaN,NaN,NaN,NaN,NaN,NaN,NaN
2004-06-09,2.27697536108751,NaN,NaN,NaN,NaN,NaN,NaN,2.27697536108751,2.27697536108751,2.27697536108751
2004-06-10,2.56301331067686,NaN,NaN,NaN,NaN,NaN,NaN,2.23597793691252,2.23834607759841,2.23834607759841
2004-06-11,2.91702067403002,NaN,NaN,NaN,NaN,NaN,NaN,2.19498051273752,2.19971679410932,2.19971679410932
2004-06-12,4.02152364769187,NaN,NaN,NaN,NaN,NaN,NaN,2.15398308856253,2.16108751062022,2.16108751062022
2004-06-13,4.13480600396488,NaN,NaN,NaN,NaN,NaN,NaN,2.11298566438753,2.12245822713112,2.12245822713112
2004-06-14,4.98442367601246,NaN,NaN,NaN,NaN,NaN,NaN,2.07198824021254,2.08382894364203,2.08382894364203
2004-06-15,14.7550269045596,NaN,NaN,NaN,NaN,NaN,NaN,2.03099081603755,2.04519966015293,2.04519966015293
2004-06-16,10.1954120645709,NaN,NaN,NaN,NaN,NaN,NaN,1.98999339186255,2.00657037666383,2.00657037666383
2004-06-17,6.06060606060606,NaN,NaN,NaN,NaN,NaN,NaN,1.94899596768756,1.96794109317474,1.96794109317474
2004-06-18,4.19144718210139,NaN,NaN,NaN,NaN,NaN,NaN,1.90799854351256,1.92931180968564,1.92931180968564
2004-06-19,3.56839422259983,NaN,NaN,NaN,NaN,NaN,NaN,1.86700111933757,1.89068252619654,1.89068252619654
2004-06-20,3.11526479750779,NaN,NaN,NaN,NaN,NaN,NaN,1.82600369516257,1.85205324270745,1.85205324270745
2004-06-21,2.60549419427924,NaN,NaN,NaN,NaN,NaN,NaN,1.78500627098758,1.81342395921835,1.81342395921835
2004-06-22,2.25715094873973,NaN,NaN,NaN,NaN,NaN,NaN,1.74400884681259,1.77479467572926,1.77479467572926
2004-06-23,2.01925800056641,NaN,NaN,NaN,NaN,NaN,NaN,1.70301142263759,1.73616539224016,1.73616539224016
2004-06-24,1.928632115548,NaN,NaN,NaN,NaN,NaN,NaN,1.6620139984626,1.69753610875106,1.69753610875106
2004-06-25,1.82951005380912,NaN,NaN,NaN,NaN,NaN,NaN,1.6210165742876,1.65890682526197,1.65890682526197
2004-06-26,2.03058623619371,NaN,NaN,NaN,NaN,NaN,NaN,1.58001915011261,1.62027754177287,1.62027754177287
2004-06-27,2.16652506372133,NaN,NaN,NaN,NaN,NaN,NaN,1.53902172593761,1.58164825828377,1.58164825828377
2004-06-28,1.80968564146134,NaN,NaN,NaN,NaN,NaN,NaN,1.49802430176262,1.54301897479468,1.54301897479468
2004-06-29,1.54630416312659,NaN,NaN,NaN,NaN,NaN,NaN,1.45702687758763,1.50438969130558,1.50438969130558
2004-06-30,1.41602945341263,NaN,NaN,NaN,NaN,NaN,NaN,1.41602945341263,1.41602945341263,1.41602945341263
2004-07-01,1.32823562730105,NaN,NaN,NaN,1.32823562730105,1.32823562730105,1.32823562730105,1.32823562730105,1.32823562730105,1.32823562730105
2004-07-02,1.45567827810818,NaN,NaN,NaN,1.3225715094874,1.3225715094874,1.3225715094874,1.36363636363636,1.38850184083829,1.38850184083829
2004-07-03,1.50099122061739,NaN,NaN,NaN,1.31690739167375,1.31690739167375,1.31690739167375,1.33743981874823,1.34987255734919,1.34987255734919
2004-07-04,1.3112432738601,1.3112432738601,1.3112432738601,1.3112432738601,1.3112432738601,1.3112432738601,1.3112432738601,1.3112432738601,1.3112432738601,1.3112432738601
2004-07-05,1.3678844519966,1.29958826220508,1.33476167608634,1.30114129054297,1.33476167608634,1.29958826220508,1.29958826220508,1.33476167608634,1.33476167608634,1.33476167608634
2004-07-06,1.32823562730105,1.28793325055007,1.32823562730105,1.29103930722584,1.32823562730105,1.28793325055007,1.28793325055007,1.32823562730105,1.32823562730105,1.32823562730105
2004-07-07,1.77003681676579,1.27627823889506,1.38179848053883,1.28093732390871,1.38179848053883,1.27627823889506,1.27627823889506,1.38179848053883,1.38179848053883,1.38179848053883
2004-07-08,1.91447182101388,1.26462322724005,1.40531688276507,1.27083534059158,1.40531688276507,1.26462322724005,1.26462322724005,1.40531688276507,1.40531688276507,1.40531688276507
2004-07-09,4.04984423676012,1.25296821558504,1.42883528499132,1.26073335727445,1.42883528499132,1.25296821558504,1.25296821558504,1.42883528499132,1.42883528499132,1.42883528499132
2004-07-10,3.87992070235061,1.24131320393003,1.45235368721756,1.25063137395732,1.45235368721756,1.24131320393003,1.24131320393003,1.45235368721756,1.45235368721756,1.45235368721756
2004-07-11,2.64231096006797,1.22965819227501,1.47587208944381,1.24052939064019,1.47587208944381,1.22965819227501,1.22965819227501,1.47587208944381,1.47587208944381,1.47587208944381
2004-07-12,5.26762956669499,1.21800318062,1.49939049167005,1.23042740732306,1.49939049167005,1.21800318062,1.21800318062,1.49939049167005,1.49939049167005,1.49939049167005
2004-07-13,7.08014726706315,1.20634816896499,1.5229088938963,1.22032542400593,1.5229088938963,1.20634816896499,1.20634816896499,1.5229088938963,1.5229088938963,1.5229088938963
2004-07-14,6.03228547153781,1.19469315730998,1.54642729612254,1.2102234406888,1.54642729612254,1.19469315730998,1.19469315730998,1.54642729612254,1.54642729612254,1.54642729612254
2004-07-15,9.11922967997734,1.18303814565497,1.56994569834879,1.20012145737167,1.56994569834879,1.18303814565497,1.18303814565497,1.56994569834879,1.56994569834879,1.56994569834879
2004-07-16,8.77938261115831,1.17138313399996,1.59346410057503,1.19001947405454,1.59346410057503,1.17138313399996,1.17138313399996,1.59346410057503,1.59346410057503,1.59346410057503
2004-07-17,5.66411781365052,1.15972812234494,1.61698250280128,1.17991749073742,1.61698250280128,1.15972812234494,1.15972812234494,1.61698250280128,1.61698250280128,1.61698250280128
2004-07-18,3.73831775700935,1.14807311068993,1.64050090502752,1.16981550742029,1.64050090502752,1.14807311068993,1.14807311068993,1.64050090502752,1.64050090502752,1.64050090502752
2004-07-19,4.02152364769187,1.13641809903492,1.66401930725376,1.15971352410316,1.66401930725376,1.13641809903492,1.13641809903492,1.66401930725376,1.66401930725376,1.66401930725376
2004-07-20,9.57235910506938,1.12476308737991,1.68753770948001,1.14961154078603,1.68753770948001,1.12476308737991,1.12476308737991,1.68753770948001,1.68753770948001,1.68753770948001
2004-07-21,10.9317473803455,1.1131080757249,1.71105611170625,1.1395095574689,1.71105611170625,1.1131080757249,1.1131080757249,1.71105611170625,1.71105611170625,1.71105611170625
2004-07-22,5.32427074483149,1.10145306406989,1.7345745139325,1.12940757415177,1.7345745139325,1.10145306406989,1.10145306406989,1.7345745139325,1.7345745139325,1.7345745139325
2004-07-23,3.56839422259983,1.08979805241487,1.75809291615874,1.11930559083464,1.75809291615874,1.08979805241487,1.08979805241487,1.75809291615874,1.75809291615874,1.75809291615874
2004-07-24,2.91702067403002,1.07814304075986,1.78161131838499,1.10920360751751,1.78161131838499,1.07814304075986,1.07814304075986,1.78161131838499,1.78161131838499,1.78161131838499
2004-07-25,2.48937977909941,1.06648802910485,1.80512972061123,1.09910162420038,1.80512972061123,1.06648802910485,1.06648802910485,1.80512972061123,1.80512972061123,1.80512972061123
2004-07-26,2.08156329651657,1.05483301744984,1.82864812283748,1.08899964088325,1.82864812283748,1.05483301744984,1.05483301744984,1.82864812283748,1.82864812283748,1.82864812283748
2004-07-27,1.85216652506372,1.04317800579483,1.85216652506372,1.07889765756612,1.85216652506372,1.04317800579483,1.04317800579483,1.85216652506372,1.85216652506372,1.85216652506372
2004-07-28,4.92778249787596,1.03152299413982,1.81261535757185,1.06879567424899,1.81261535757185,1.03152299413982,1.03152299413982,1.81178346287381,1.81261535757185,1.81261535757185
2004-07-29,10.0538091192297,1.0198679824848,1.77306419007998,1.05869369093186,1.77306419007998,1.0198679824848,1.0198679824848,1.77140040068389,1.77306419007998,1.77306419007998
2004-07-30,6.68365902010762,1.00821297082979,1.73351302258811,1.04859170761473,1.73351302258811,1.00821297082979,1.00821297082979,1.73101733849397,1.73351302258811,1.73351302258811
2004-07-31,5.66411781365052,0.996557959174782,1.69396185509624,1.03848972429761,1.69396185509624,0.996557959174782,0.996557959174782,1.69063427630406,1.69396185509624,1.69396185509624
2004-08-01,6.79694137638063,0.98490294751977,1.65441068760437,1.02838774098048,1.65441068760437,0.98490294751977,0.98490294751977,1.65025121411414,1.65441068760437,1.65441068760437
2004-08-02,3.90824129141886,0.973247935864758,1.6148595201125,1.01828575766335,1.6148595201125,0.973247935864758,0.973247935864758,1.60986815192423,1.6148595201125,1.6148595201125
2004-08-03,2.86037949589351,0.961592924209747,1.57530835262063,1.00818377434622,1.57530835262063,0.961592924209747,0.961592924209747,1.56948508973431,1.57530835262063,1.57530835262063
2004-08-04,2.54885301614274,0.949937912554735,1.53575718512876,0.998081791029088,1.53575718512876,0.949937912554735,0.949937912554735,1.5291020275444,1.53575718512876,1.53575718512876
2004-08-05,5.63579722458227,0.938282900899723,1.49620601763689,0.987979807711959,1.49620601763689,0.938282900899723,0.938282900899723,1.48871896535448,1.49620601763689,1.49620601763689
2004-08-06,7.5332766921552,0.926627889244712,1.45665485014502,0.97787782439483,1.45665485014502,0.926627889244712,0.926627889244712,1.44833590316456,1.45665485014502,1.45665485014502
2004-08-07,5.46587369017276,0.9149728775897,1.41710368265315,0.967775841077701,1.41710368265315,0.9149728775897,0.9149728775897,1.40795284097465,1.41710368265315,1.41710368265315
2004-08-08,3.25686774284905,0.903317865934688,1.37755251516128,0.957673857760571,1.37755251516128,0.903317865934688,0.903317865934688,1.36756977878473,1.37755251516128,1.37755251516128
2004-08-09,2.37043330501274,0.891662854279677,1.33800134766941,0.947571874443442,1.33800134766941,0.891662854279677,0.891662854279677,1.32718671659482,1.33800134766941,1.33800134766941
2004-08-10,1.94279241008213,0.880007842624665,1.29845018017754,0.937469891126313,1.29845018017754,0.880007842624665,0.880007842624665,1.2868036544049,1.29845018017754,1.29845018017754
2004-08-11,1.70773152081563,0.868352830969653,1.25889901268567,0.927367907809183,1.25889901268567,0.868352830969653,0.868352830969653,1.24642059221498,1.25889901268567,1.25889901268567
2004-08-12,1.50948739733786,0.856697819314642,1.2193478451938,0.917265924492054,1.2193478451938,0.856697819314642,0.856697819314642,1.20603753002507,1.2193478451938,1.2193478451938
2004-08-13,1.37354856981025,0.84504280765963,1.17979667770193,0.907163941174925,1.17979667770193,0.84504280765963,0.84504280765963,1.16565446783515,1.17979667770193,1.17979667770193
2004-08-14,1.36222033418295,0.833387796004618,1.14024551021006,0.897061957857795,1.14024551021006,0.833387796004618,0.833387796004618,1.12527140564524,1.14024551021006,1.14024551021006
2004-08-15,1.26593033135089,0.821732784349607,1.10069434271819,0.886959974540666,1.10069434271819,0.821732784349607,0.821732784349607,1.08488834345532,1.10069434271819,1.10069434271819
2004-08-16,1.14698385726423,0.810077772694595,1.06114317522632,0.876857991223537,1.06114317522632,0.810077772694595,0.810077772694595,1.04450528126541,1.06114317522632,1.06114317522632
2004-08-17,1.05919003115265,0.798422761039583,1.02159200773445,0.866756007906408,1.02159200773445,0.798422761039583,0.798422761039583,1.00412221907549,1.02159200773445,1.02159200773445
2004-08-18,0.97422826394789,0.786767749384572,0.97422826394789,0.856654024589278,0.97422826394789,0.786767749384572,0.786767749384572,0.963739156885574,0.97422826394789,0.97422826394789
2004-08-19,0.92041914471821,0.77511273772956,0.92041914471821,0.846552041272149,0.92041914471821,0.77511273772956,0.77511273772956,0.92041914471821,0.92041914471821,0.92041914471821
2004-08-20,0.875106202209006,0.763457726074548,0.875106202209006,0.83645005795502,0.875106202209006,0.763457726074548,0.763457726074548,0.875106202209006,0.875106202209006,0.875106202209006
2004-08-21,0.846785613140753,0.751802714419537,0.846785613140753,0.82634807463789,0.846785613140753,0.751802714419537,0.751802714419537,0.842589970315827,0.846785613140753,0.846785613140753
2004-08-22,0.809968847352025,0.740147702764525,0.809968847352025,0.809968847352025,0.809968847352025,0.740147702764525,0.740147702764525,0.802206908125911,0.809968847352025,0.809968847352025
2004-08-23,0.761823845935995,0.728492691109513,0.761823845935995,0.761823845935995,0.761823845935995,0.728492691109513,0.728492691109513,0.761823845935995,0.761823845935995,0.761823845935995
2004-08-24,0.733503256867743,0.716837679454502,0.733503256867743,0.733503256867743,0.733503256867743,0.716837679454502,0.716837679454502,0.733503256867743,0.733503256867743,0.733503256867743
2004-08-25,0.70518266779949,0.70518266779949,0.70518266779949,0.70518266779949,0.70518266779949,0.70518266779949,0.70518266779949,0.70518266779949,0.70518266779949,0.70518266779949
2004-08-26,0.725007080147267,0.695176059662041,0.695176059662041,0.725007080147267,0.696479267256564,0.696479267256564,0.696875295006136,0.695270461625602,0.695853532577007,0.695853532577007
2004-08-27,0.764655904842821,0.685169451524592,0.685169451524592,0.764655904842821,0.687775866713637,0.687775866713637,0.688567922212782,0.685358255451713,0.686524397354524,0.686524397354524
2004-08-28,0.835457377513452,0.675162843387142,0.675162843387142,0.755634191417985,0.679072466170711,0.679072466170711,0.680260549419428,0.675446049277825,0.677195262132041,0.677195262132041
2004-08-29,1.11299915038233,0.665156235249693,0.665156235249693,0.745532208100856,0.670369065627785,0.670369065627785,0.671953176626074,0.665533843103937,0.667866126909557,0.667866126909557
2004-08-30,1.14981591617106,0.655149627112244,0.655149627112244,0.735430224783727,0.661665665084858,0.661665665084858,0.66364580383272,0.655621636930048,0.658536991687074,0.658536991687074
2004-08-31,1.053525913339,0.645143018974795,0.645143018974795,0.725328241466598,0.652962264541932,0.652962264541932,0.655338431039366,0.64570943075616,0.649207856464591,0.649207856464591
2004-09-01,1.053525913339,0.635136410837345,0.635136410837345,0.715226258149468,0.644258863999005,0.644258863999005,0.647031058246011,0.635797224582271,0.639878721242108,0.639878721242108
2004-09-02,0.937411498159162,0.625129802699896,0.625129802699896,0.705124274832339,0.635555463456079,0.635555463456079,0.638723685452657,0.625885018408383,0.630549586019624,0.630549586019624
2004-09-03,0.841121495327103,0.615123194562447,0.615123194562447,0.69502229151521,0.626852062913152,0.626852062913152,0.630416312659303,0.615972812234495,0.621220450797141,0.621220450797141
2004-09-04,0.747663551401869,0.605116586424998,0.605116586424998,0.684920308198081,0.618148662370226,0.618148662370226,0.622108939865949,0.606060606060606,0.611891315574658,0.611891315574658
2004-09-05,0.719342962333616,0.595109978287548,0.595109978287548,0.674818324880951,0.6094452618273,0.6094452618273,0.613801567072595,0.596148399886718,0.602562180352175,0.602562180352175
2004-09-06,0.659869725290286,0.585103370150099,0.585103370150099,0.659869725290286,0.600741861284373,0.600741861284373,0.605494194279241,0.586236193712829,0.593233045129691,0.593233045129691
2004-09-07,0.750495610308694,0.57509676201265,0.57509676201265,0.654614358246693,0.592038460741447,0.592038460741447,0.597186821485887,0.576323987538941,0.583903909907208,0.583903909907208
2004-09-08,1.06768620787312,0.565090153875201,0.565090153875201,0.644512374929563,0.58333506019852,0.58333506019852,0.588879448692533,0.566411781365052,0.574574774684725,0.574574774684725
2004-09-09,0.838289436420278,0.555083545737751,0.555083545737751,0.634410391612434,0.574631659655594,0.574631659655594,0.580572075899179,0.556499575191164,0.565245639462242,0.565245639462242
2004-09-10,0.804304729538374,0.545076937600302,0.545076937600302,0.624308408295305,0.565928259112668,0.565928259112668,0.572264703105825,0.546587369017276,0.555916504239759,0.555916504239759
2004-09-11,0.685358255451713,0.535070329462853,0.535070329462853,0.614206424978176,0.557224858569741,0.557224858569741,0.56395733031247,0.536675162843387,0.546587369017275,0.546587369017275
2004-09-12,0.640045312942509,0.525063721325403,0.525063721325403,0.604104441661046,0.548521458026815,0.548521458026815,0.555649957519116,0.526762956669499,0.537258233794792,0.537258233794792
2004-09-13,0.586236193712829,0.515057113187954,0.515057113187954,0.586236193712829,0.539818057483888,0.539818057483888,0.547342584725762,0.51685075049561,0.527929098572309,0.527929098572309
2004-09-14,0.552251486830926,0.505050505050505,0.505050505050505,0.552251486830926,0.531114656940962,0.531114656940962,0.539035211932408,0.506938544321722,0.518599963349826,0.518599963349826
2004-09-15,0.566411781365052,0.495043896913056,0.495043896913056,0.566411781365052,0.522411256398035,0.522411256398035,0.530727839139054,0.497026338147833,0.509270828127343,0.509270828127343
2004-09-16,0.532427074483149,0.485037288775607,0.485037288775607,0.532427074483149,0.513707855855109,0.513707855855109,0.5224204663457,0.487114131973945,0.499941692904859,0.499941692904859
2004-09-17,0.512602662135372,0.475030680638157,0.475030680638157,0.512602662135372,0.505004455312183,0.505004455312183,0.512602662135372,0.477201925800057,0.490612557682376,0.490612557682376
2004-09-18,0.506938544321722,0.465024072500708,0.465024072500708,0.506938544321722,0.496301054769256,0.496301054769256,0.505805720758992,0.467289719626168,0.481283422459893,0.481283422459893
2004-09-19,0.512602662135372,0.455017464363259,0.455017464363259,0.512602662135372,0.48759765422633,0.48759765422633,0.497498347965638,0.45737751345228,0.47195428723741,0.47195428723741
2004-09-20,0.487114131973945,0.445010856225809,0.445010856225809,0.487114131973945,0.478894253683403,0.478894253683403,0.487114131973945,0.447465307278391,0.462625152014927,0.462625152014927
2004-09-21,0.455961483998867,0.43500424808836,0.43500424808836,0.455961483998867,0.455961483998867,0.455961483998867,0.455961483998867,0.437553101104503,0.453296016792443,0.453296016792443
2004-09-22,0.427640894930615,0.424997639950911,0.424997639950911,0.427640894930615,0.427640894930615,0.427640894930615,0.427640894930615,0.427640894930615,0.427640894930615,0.427640894930615
2004-09-23,0.421976777116964,0.414991031813462,0.414991031813462,0.421976777116964,0.421976777116964,0.421976777116964,0.421976777116964,0.421032757481356,0.421976777116964,0.421976777116964
2004-09-24,0.404984423676012,0.404984423676012,0.404984423676012,0.404984423676012,0.404984423676012,0.404984423676012,0.404984423676012,0.404984423676012,0.404984423676012,0.404984423676012
2004-09-25,0.424808836023789,0.400075521570849,0.400075521570849,0.424808836023789,0.424808836023789,0.424808836023789,0.424808836023789,0.407816482582838,0.41597947590251,0.41597947590251
2004-09-26,0.43047295383744,0.395166619465685,0.395166619465685,0.43047295383744,0.426673850425845,0.426673850425845,0.43047295383744,0.401208345133579,0.406650340680027,0.406650340680027
2004-09-27,0.399320305862362,0.390257717360521,0.390257717360521,0.399320305862362,0.399320305862362,0.399320305862362,0.399320305862362,0.39460020768432,0.397321205457544,0.397321205457544
2004-09-28,0.387992070235061,0.385348815255357,0.385348815255357,0.387992070235061,0.387992070235061,0.387992070235061,0.387992070235061,0.387992070235061,0.387992070235061,0.387992070235061
2004-09-29,0.413480600396488,0.380439913150194,0.380439913150194,0.413480600396488,0.400563648797066,0.400563648797066,0.413480600396488,0.382842872222651,0.382842872222651,0.382842872222651
2004-09-30,0.453129425092042,0.37553101104503,0.37553101104503,0.422268741952719,0.391860248254139,0.391860248254139,0.406117247238742,0.377693674210242,0.377693674210242,0.377693674210242
2004-10-01,0.399320305862362,0.370622108939866,0.370622108939866,0.399320305862362,0.383156847711213,0.383156847711213,0.397809874445388,0.372544476197832,0.372544476197832,0.372544476197832
2004-10-02,0.43047295383744,0.365713206834702,0.365713206834702,0.402064775318461,0.374453447168286,0.374453447168286,0.389502501652034,0.367395278185423,0.367395278185423,0.367395278185423
2004-10-03,0.433305012744265,0.360804304729538,0.360804304729538,0.391962792001331,0.36575004662536,0.36575004662536,0.38119512885868,0.362246080173013,0.362246080173013,0.362246080173013
2004-10-04,0.453129425092042,0.355895402624375,0.355895402624375,0.381860808684202,0.357046646082434,0.357046646082434,0.372887756065326,0.357096882160603,0.357096882160603,0.357096882160603
2004-10-05,0.348343245539507,0.348343245539507,0.348343245539507,0.348343245539507,0.348343245539507,0.348343245539507,0.348343245539507,0.348343245539507,0.348343245539507,0.348343245539507
2004-10-06,0.387992070235061,0.346077598414047,0.346077598414047,0.361656842049943,0.344095157179269,0.344095157179269,0.356273010478618,0.346798486135784,0.346798486135784,0.346798486135784
2004-10-07,0.348343245539507,0.341168696308883,0.341168696308883,0.348343245539507,0.339847068819031,0.339847068819031,0.347965637685264,0.341649288123375,0.341649288123375,0.341649288123375
2004-10-08,0.339847068819031,0.336259794203719,0.336259794203719,0.339847068819031,0.335598980458794,0.335598980458794,0.33965826489191,0.336500090110965,0.336500090110965,0.336500090110965
2004-10-09,0.331350892098556,0.331350892098556,0.331350892098556,0.331350892098556,0.331350892098556,0.331350892098556,0.331350892098556,0.331350892098556,0.331350892098556,0.331350892098556
2004-10-10,0.342679127725857,0.342679127725857,0.342679127725857,0.342679127725857,0.342679127725857,0.342679127725857,0.342679127725857,0.334182951005381,0.334182951005381,0.334182951005381
2004-10-11,0.368167657887284,0.358926202507117,0.358926202507117,0.358926202507117,0.360589986758211,0.360589986758211,0.360589986758211,0.337015009912206,0.337015009912206,0.337015009912206
2004-10-12,0.339847068819031,0.339847068819031,0.339847068819031,0.339847068819031,0.339847068819031,0.339847068819031,0.339847068819031,0.339847068819031,0.339847068819031,0.339847068819031
2004-10-13,0.396488246955537,0.386501512915679,0.386501512915679,0.386501512915679,0.389829081417866,0.389829081417866,0.389829081417866,0.370527706976305,0.370527706976305,0.370527706976305
2004-10-14,0.472953837439819,0.40028916811996,0.40028916811996,0.40028916811996,0.404448628747694,0.404448628747694,0.404448628747694,0.401208345133579,0.401208345133579,0.401208345133579
2004-10-15,0.625885018408383,0.414076823324241,0.414076823324241,0.414076823324241,0.419068176077522,0.419068176077522,0.419068176077522,0.431888983290852,0.431888983290852,0.431888983290852
2004-10-16,0.934579439252336,0.427864478528522,0.427864478528522,0.427864478528522,0.43368772340735,0.43368772340735,0.43368772340735,0.462569621448126,0.462569621448126,0.462569621448126
2004-10-17,1.14981591617106,0.441652133732803,0.441652133732803,0.441652133732803,0.448307270737177,0.448307270737177,0.448307270737177,0.4932502596054,0.4932502596054,0.4932502596054
2004-10-18,0.86661002548853,0.455439788937084,0.455439788937084,0.455439788937084,0.462926818067005,0.462926818067005,0.462926818067005,0.523930897762673,0.523930897762673,0.523930897762673
2004-10-19,0.991220617388842,0.469227444141364,0.469227444141364,0.469227444141364,0.477546365396833,0.477546365396833,0.477546365396833,0.554611535919947,0.554611535919947,0.554611535919947
2004-10-20,1.00538091192297,0.483015099345645,0.483015099345645,0.483015099345645,0.49216591272666,0.49216591272666,0.49216591272666,0.585292174077221,0.585292174077221,0.585292174077221
2004-10-21,0.869442084395355,0.496802754549926,0.496802754549926,0.496802754549926,0.506785460056488,0.506785460056488,0.506785460056488,0.615972812234495,0.615972812234495,0.615972812234495
2004-10-22,0.790144435004248,0.510590409754207,0.510590409754207,0.510590409754207,0.521405007386316,0.521405007386316,0.521405007386316,0.646653450391768,0.646653450391768,0.646653450391768
2004-10-23,0.75899178702917,0.524378064958488,0.524378064958488,0.524378064958488,0.536024554716144,0.536024554716144,0.536024554716144,0.677334088549042,0.677334088549042,0.677334088549042
2004-10-24,0.708014726706315,0.538165720162769,0.538165720162769,0.538165720162769,0.550644102045971,0.550644102045971,0.550644102045971,0.708014726706315,0.708014726706315,0.708014726706315
2004-10-25,0.761823845935995,0.55195337536705,0.55195337536705,0.55195337536705,0.565263649375799,0.565263649375799,0.565263649375799,0.715481063824309,0.715481063824309,0.715481063824309
2004-10-26,0.781648258283772,0.565741030571331,0.565741030571331,0.565741030571331,0.579883196705627,0.579883196705627,0.579883196705627,0.722947400942303,0.722947400942303,0.722947400942303
2004-10-27,0.795808552817899,0.579528685775611,0.579528685775611,0.579528685775611,0.594502744035454,0.594502744035454,0.594502744035454,0.730413738060297,0.730413738060297,0.730413738060297
2004-10-28,0.86661002548853,0.593316340979892,0.593316340979892,0.593316340979892,0.609122291365282,0.609122291365282,0.609122291365282,0.737880075178291,0.737880075178291,0.737880075178291
2004-10-29,0.988388558482016,0.607103996184173,0.607103996184173,0.607103996184173,0.62374183869511,0.62374183869511,0.62374183869511,0.745346412296285,0.745346412296285,0.745346412296285
2004-10-30,1.19512885868026,0.620891651388454,0.620891651388454,0.620891651388454,0.638361386024937,0.638361386024937,0.638361386024937,0.752812749414279,0.752812749414279,0.752812749414279
2004-10-31,1.65675446049278,0.634679306592735,0.634679306592735,0.634679306592735,0.652980933354765,0.652980933354765,0.652980933354765,0.760279086532273,0.760279086532273,0.760279086532273
2004-11-01,2.10988388558482,0.648466961797016,0.648466961797016,0.648466961797016,0.667600480684593,0.667600480684593,0.667600480684593,0.767745423650267,0.767745423650267,0.767745423650267
2004-11-02,1.94279241008213,0.662254617001297,0.662254617001297,0.662254617001297,0.68222002801442,0.68222002801442,0.68222002801442,0.77521176076826,0.77521176076826,0.77521176076826
2004-11-03,1.82101387708864,0.676042272205578,0.676042272205578,0.676042272205578,0.696839575344248,0.696839575344248,0.696839575344248,0.782678097886254,0.782678097886254,0.782678097886254
2004-11-04,2.40441801189465,0.689829927409858,0.689829927409858,0.689829927409858,0.711459122674076,0.711459122674076,0.711459122674076,0.790144435004248,0.790144435004248,0.790144435004248
2004-11-05,3.51175304446332,0.703617582614139,0.703617582614139,0.703617582614139,0.726078670003904,0.726078670003904,0.726078670003904,0.797610772122242,0.797610772122242,0.797610772122242
2004-11-06,3.48343245539507,0.71740523781842,0.71740523781842,0.71740523781842,0.740698217333731,0.740698217333731,0.740698217333731,0.805077109240236,0.805077109240236,0.805077109240236
2004-11-07,3.2851883319173,0.731192893022701,0.731192893022701,0.731192893022701,0.755317764663559,0.755317764663559,0.755317764663559,0.81254344635823,0.81254344635823,0.81254344635823
2004-11-08,2.41857830642877,0.744980548226982,0.744980548226982,0.744980548226982,0.769937311993387,0.769937311993387,0.769937311993387,0.820009783476224,0.820009783476224,0.820009783476224
2004-11-09,1.8946474086661,0.758768203431263,0.758768203431263,0.758768203431263,0.784556859323214,0.784556859323214,0.784556859323214,0.827476120594217,0.827476120594217,0.827476120594217
2004-11-10,1.58595298782215,0.772555858635544,0.772555858635544,0.772555858635544,0.799176406653042,0.799176406653042,0.799176406653042,0.834942457712211,0.834942457712211,0.834942457712211
2004-11-11,1.38204474653073,0.786343513839825,0.786343513839825,0.786343513839825,0.81379595398287,0.81379595398287,0.81379595398287,0.842408794830205,0.842408794830205,0.842408794830205
2004-11-12,1.24327386009629,0.800131169044106,0.800131169044106,0.800131169044106,0.828415501312698,0.828415501312698,0.828415501312698,0.849875131948199,0.849875131948199,0.849875131948199
2004-11-13,1.14415179835741,0.813918824248386,0.813918824248386,0.813918824248386,0.843035048642525,0.843035048642525,0.843035048642525,0.857341469066193,0.857341469066193,0.857341469066193
2004-11-14,0.982724440668366,0.827706479452667,0.827706479452667,0.827706479452667,0.857654595972353,0.857654595972353,0.857654595972353,0.864807806184187,0.864807806184187,0.864807806184187
2004-11-15,0.872274143302181,0.841494134656948,0.841494134656948,0.841494134656948,0.872274143302181,0.872274143302181,0.872274143302181,0.872274143302181,0.872274143302181,0.872274143302181
2004-11-16,0.855281789861229,0.855281789861229,0.855281789861229,0.855281789861229,0.855281789861229,0.855281789861229,0.855281789861229,0.855281789861229,0.855281789861229,0.855281789861229
2004-11-17,0.917587085811385,0.868026054941943,0.868026054941943,0.880096020282936,0.884183314089856,0.884183314089856,0.880096020282936,0.881391991490008,0.881391991490008,0.881391991490008
2004-11-18,0.934579439252336,0.880770320022656,0.880770320022656,0.904910250704643,0.913084838318483,0.913084838318483,0.904910250704643,0.907502193118788,0.907502193118788,0.907502193118788
2004-11-19,0.917587085811385,0.89351458510337,0.89351458510337,0.917587085811385,0.917587085811385,0.917587085811385,0.917587085811385,0.917587085811385,0.917587085811385,0.917587085811385
2004-11-20,0.906258850184084,0.906258850184084,0.906258850184084,0.906258850184084,0.906258850184084,0.906258850184084,0.906258850184084,0.906258850184084,0.906258850184084,0.906258850184084
2004-11-21,0.92041914471821,0.92041914471821,0.92041914471821,0.92041914471821,0.92041914471821,0.92041914471821,0.92041914471821,0.92041914471821,0.92041914471821,0.92041914471821
2004-11-22,1.00821297082979,0.958428356362444,0.974561447348693,1.00416717239147,1.00821297082979,1.00821297082979,1.00416717239147,1.00821297082979,1.00821297082979,1.00821297082979
2004-11-23,1.06202209005947,0.984513109451624,1.008712745931,1.02898140281318,1.05759245946162,1.05759245946162,1.02898140281318,1.03805320126268,1.03805320126268,1.03805320126268
2004-11-24,1.12432738600963,1.0105978625408,1.0428640445133,1.05379563323489,1.08649398369025,1.08649398369025,1.05379563323489,1.06416340289146,1.06416340289146,1.06416340289146
2004-11-25,1.8833191730388,1.03668261562998,1.07701534309561,1.07860986365659,1.11539550791887,1.11539550791887,1.07860986365659,1.09027360452024,1.09027360452024,1.09027360452024
2004-11-26,2.08156329651657,1.06276736871916,1.11116664167791,1.1034240940783,1.1442970321475,1.1442970321475,1.1034240940783,1.11638380614902,1.11638380614902,1.11638380614902
2004-11-27,1.85216652506372,1.08885212180834,1.14531794026022,1.12823832450001,1.17319855637613,1.17319855637613,1.12823832450001,1.1424940077778,1.1424940077778,1.1424940077778
2004-11-28,3.17190597564429,1.11493687489752,1.17946923884252,1.15305255492171,1.20210008060475,1.20210008060475,1.15305255492171,1.16860420940658,1.16860420940658,1.16860420940658
2004-11-29,5.77740016992353,1.1410216279867,1.21362053742483,1.17786678534342,1.23100160483338,1.23100160483338,1.17786678534342,1.19471441103536,1.19471441103536,1.19471441103536
2004-11-30,5.57915604644577,1.16710638107588,1.24777183600713,1.20268101576513,1.25990312906201,1.25990312906201,1.20268101576513,1.22082461266414,1.22082461266414,1.22082461266414
2004-12-01,6.11724723874257,1.19319113416506,1.28192313458943,1.22749524618683,1.28880465329063,1.28880465329063,1.22749524618683,1.24693481429292,1.24693481429292,1.24693481429292
2004-12-02,12.9708297932597,1.21927588725424,1.31607443317174,1.25230947660854,1.31770617751926,1.31770617751926,1.25230947660854,1.2730450159217,1.2730450159217,1.2730450159217
2004-12-03,12.3194562446899,1.24536064034342,1.35022573175404,1.27712370703025,1.34660770174789,1.34660770174789,1.27712370703025,1.29915521755048,1.29915521755048,1.29915521755048
2004-12-04,8.89266496743132,1.2714453934326,1.38437703033635,1.30193793745196,1.37550922597652,1.37550922597652,1.30193793745196,1.32526541917926,1.32526541917926,1.32526541917926
2004-12-05,5.40923251203625,1.29753014652178,1.41852832891865,1.32675216787366,1.40441075020514,1.40441075020514,1.32675216787366,1.35137562080803,1.35137562080803,1.35137562080803
2004-12-06,3.73831775700935,1.32361489961096,1.45267962750096,1.35156639829537,1.43331227443377,1.43331227443377,1.35156639829537,1.37748582243681,1.37748582243681,1.37748582243681
2004-12-07,5.9756442934013,1.34969965270014,1.48683092608326,1.37638062871708,1.4622137986624,1.4622137986624,1.37638062871708,1.40359602406559,1.40359602406559,1.40359602406559
2004-12-08,23.1662418578306,1.37578440578932,1.52098222466557,1.40119485913878,1.49111532289102,1.49111532289102,1.40119485913878,1.42970622569437,1.42970622569437,1.42970622569437
2004-12-09,28.8870008496177,1.4018691588785,1.55513352324787,1.42600908956049,1.52001684711965,1.52001684711965,1.42600908956049,1.45581642732315,1.45581642732315,1.45581642732315
2004-12-10,24.9787595581988,1.42795391196768,1.58928482183018,1.4508233199822,1.54891837134828,1.54891837134828,1.4508233199822,1.48192662895193,1.48192662895193,1.48192662895193
2004-12-11,14.7267063154914,1.45403866505686,1.62343612041248,1.47563755040391,1.5778198955769,1.5778198955769,1.47563755040391,1.50803683058071,1.50803683058071,1.50803683058071
2004-12-12,12.5460209572359,1.48012341814604,1.65758741899479,1.50045178082561,1.60672141980553,1.60672141980553,1.50045178082561,1.53414703220949,1.53414703220949,1.53414703220949
2004-12-13,12.999150382328,1.50620817123522,1.69173871757709,1.52526601124732,1.63562294403416,1.63562294403416,1.52526601124732,1.56025723383827,1.56025723383827,1.56025723383827
2004-12-14,10.0538091192297,1.5322929243244,1.72589001615939,1.55008024166903,1.66452446826279,1.66452446826279,1.55008024166903,1.58636743546705,1.58636743546705,1.58636743546705
2004-12-15,6.82526196544888,1.55837767741358,1.7600413147417,1.57489447209073,1.69342599249141,1.69342599249141,1.57489447209073,1.61247763709583,1.61247763709583,1.61247763709583
2004-12-16,5.74907958085528,1.58446243050276,1.794192613324,1.59970870251244,1.72232751672004,1.72232751672004,1.59970870251244,1.63858783872461,1.63858783872461,1.63858783872461
2004-12-17,4.8994619088077,1.61054718359194,1.82834391190631,1.62452293293415,1.75122904094867,1.75122904094867,1.62452293293415,1.66469804035339,1.66469804035339,1.66469804035339
2004-12-18,4.02152364769187,1.63663193668113,1.86249521048861,1.64933716335585,1.78013056517729,1.78013056517729,1.64933716335585,1.69080824198216,1.69080824198216,1.69080824198216
2004-12-19,3.2851883319173,1.6627166897703,1.89664650907092,1.67415139377756,1.80903208940592,1.80903208940592,1.67415139377756,1.71691844361094,1.71691844361094,1.71691844361094
2004-12-20,2.29396771452846,1.68880144285949,1.93079780765322,1.69896562419927,1.83793361363455,1.83793361363455,1.69896562419927,1.74302864523972,1.74302864523972,1.74302864523972
2004-12-21,2.23732653639196,1.71488619594867,1.96494910623553,1.72377985462098,1.86683513786318,1.86683513786318,1.72377985462098,1.7691388468685,1.7691388468685,1.7691388468685
2004-12-22,2.18068535825545,1.74097094903785,1.99910040481783,1.74859408504268,1.8957366620918,1.8957366620918,1.74859408504268,1.79524904849728,1.79524904849728,1.79524904849728
2004-12-23,2.12404418011895,1.76705570212703,2.03325170340014,1.77340831546439,1.92463818632043,1.92463818632043,1.77340831546439,1.82135925012606,1.82135925012606,1.82135925012606
2004-12-24,2.06740300198244,1.79314045521621,2.06740300198244,1.7982225458861,1.95353971054906,1.95353971054906,1.7982225458861,1.84746945175484,1.84746945175484,1.84746945175484
2004-12-25,1.98244123477768,1.81922520830539,1.98244123477768,1.8230367763078,1.98244123477768,1.98244123477768,1.8230367763078,1.87357965338362,1.87357965338362,1.87357965338362
2004-12-26,1.95412064570943,1.84530996139457,1.95412064570943,1.84785100672951,1.95412064570943,1.95412064570943,1.84785100672951,1.8996898550124,1.8996898550124,1.8996898550124
2004-12-27,1.92580005664118,1.87139471448375,1.92580005664118,1.87266523715122,1.92580005664118,1.92580005664118,1.87266523715122,1.92580005664118,1.92580005664118,1.92580005664118
2004-12-28,1.89747946757293,1.89747946757293,1.89747946757293,1.89747946757293,1.89747946757293,1.89747946757293,1.89747946757293,1.89747946757293,1.89747946757293,1.89747946757293
2004-12-29,1.98244123477768,1.90691966392901,1.90691966392901,1.90691966392901,1.90691966392901,1.90691966392901,1.90691966392901,1.98244123477768,1.98244123477768,1.98244123477768
2004-12-30,2.03908241291419,1.91635986028509,1.91635986028509,1.91635986028509,1.91635986028509,1.91635986028509,1.91635986028509,2.03908241291419,2.03908241291419,2.03908241291419
2004-12-31,6.14556782781082,1.92580005664118,1.92580005664118,1.92580005664118,1.92580005664118,1.92580005664118,1.92580005664118,2.41331876845895,2.41331876845895,2.41331876845895
2005-01-01,22.3166241857831,1.93524025299726,1.93524025299726,1.93524025299726,1.93524025299726,1.93524025299726,1.93524025299726,2.58526520208763,2.58526520208763,2.58526520208763
2005-01-02,33.9847068819031,1.94468044935335,1.94468044935335,1.94468044935335,1.94468044935335,1.94468044935335,1.94468044935335,2.75721163571631,2.75721163571631,2.75721163571631
2005-01-03,45.8793542905692,1.95412064570943,1.95412064570943,1.95412064570943,1.95412064570943,1.95412064570943,1.95412064570943,2.92915806934499,2.92915806934499,2.92915806934499
2005-01-04,35.4007363353158,1.96356084206551,1.96356084206551,1.96356084206551,1.96356084206551,1.96356084206551,1.96356084206551,3.10110450297366,3.10110450297366,3.10110450297366
2005-01-05,25.4318889832909,1.9730010384216,1.9730010384216,1.9730010384216,1.9730010384216,1.9730010384216,1.9730010384216,3.27305093660234,3.27305093660234,3.27305093660234
2005-01-06,14.3302180685358,1.98244123477768,1.98244123477768,1.98244123477768,1.98244123477768,1.98244123477768,1.98244123477768,3.44499737023101,3.44499737023101,3.44499737023101
2005-01-07,7.92976493911073,1.99188143113377,1.99188143113377,1.99188143113377,1.99188143113377,1.99188143113377,1.99188143113377,3.61694380385969,3.61694380385969,3.61694380385969
2005-01-08,5.94732370433305,2.00132162748985,2.00132162748985,2.00132162748985,2.00132162748985,2.00132162748985,2.00132162748985,3.78889023748837,3.78889023748837,3.78889023748837
2005-01-09,4.95610308694421,2.01076182384594,2.01076182384594,2.01076182384594,2.01076182384594,2.01076182384594,2.01076182384594,3.96083667111704,3.96083667111704,3.96083667111704
2005-01-10,4.55961483998867,2.02020202020202,2.02020202020202,2.02020202020202,2.02020202020202,2.02020202020202,2.02020202020202,4.13278310474572,4.13278310474572,4.13278310474572
2005-01-11,4.3047295383744,2.0296422165581,2.0296422165581,2.0296422165581,2.0296422165581,2.0296422165581,2.0296422165581,4.3047295383744,4.3047295383744,4.3047295383744
2005-01-12,6.59869725290286,2.03908241291419,2.03908241291419,2.03908241291419,2.03908241291419,2.03908241291419,2.03908241291419,4.20763037585467,4.20763037585467,4.20763037585467
2005-01-13,26.3947890116114,2.04852260927027,2.04852260927027,2.04852260927027,2.04852260927027,2.04852260927027,2.04852260927027,4.11053121333495,4.11053121333495,4.11053121333495
2005-01-14,41.3480600396488,2.05796280562636,2.05796280562636,2.05796280562636,2.05796280562636,2.05796280562636,2.05796280562636,4.01343205081523,4.01343205081523,4.01343205081523
2005-01-15,50.9770603228547,2.06740300198244,2.06740300198244,2.06740300198244,2.06740300198244,2.06740300198244,2.06740300198244,3.9163328882955,3.9163328882955,3.9163328882955
2005-01-16,35.4007363353158,2.07684319833853,2.07684319833853,2.07684319833853,2.07684319833853,2.07684319833853,2.07684319833853,3.81923372577578,3.81923372577578,3.81923372577578
2005-01-17,17.4738034551119,2.08628339469461,2.08628339469461,2.08628339469461,2.08628339469461,2.08628339469461,2.08628339469461,3.72213456325606,3.72213456325606,3.72213456325606
2005-01-18,10.7335032568677,2.09572359105069,2.09572359105069,2.09572359105069,2.09572359105069,2.09572359105069,2.09572359105069,3.62503540073634,3.62503540073634,3.62503540073634
2005-01-19,8.55281789861229,2.10516378740678,2.10516378740678,2.10516378740678,2.10516378740678,2.10516378740678,2.10516378740678,3.52793623821661,3.52793623821661,3.52793623821661
2005-01-20,7.36335315774568,2.11460398376286,2.11460398376286,2.11460398376286,2.11460398376286,2.11460398376286,2.11460398376286,3.43083707569689,3.43083707569689,3.43083707569689
2005-01-21,5.94732370433305,2.12404418011895,2.12404418011895,2.12404418011895,2.12404418011895,2.12404418011895,2.12404418011895,3.33373791317717,3.33373791317717,3.33373791317717
2005-01-22,5.09770603228547,2.13348437647503,2.13348437647503,2.13348437647503,2.13348437647503,2.13348437647503,2.13348437647503,3.23663875065744,3.23663875065744,3.23663875065744
2005-01-23,4.24808836023789,2.14292457283111,2.14292457283111,2.14292457283111,2.14292457283111,2.14292457283111,2.14292457283111,3.13953958813772,3.13953958813772,3.13953958813772
2005-01-24,3.68167657887284,2.1523647691872,2.1523647691872,2.1523647691872,2.1523647691872,2.1523647691872,2.1523647691872,3.042440425618,3.042440425618,3.042440425618
2005-01-25,3.25686774284905,2.16180496554328,2.16180496554328,2.16180496554328,2.16180496554328,2.16180496554328,2.16180496554328,2.94534126309827,2.94534126309827,2.94534126309827
2005-01-26,3.11526479750779,2.17124516189937,2.17124516189937,2.17124516189937,2.17124516189937,2.17124516189937,2.17124516189937,2.84824210057855,2.84824210057855,2.84824210057855
2005-01-27,2.83205890682526,2.18068535825545,2.18068535825545,2.18068535825545,2.18068535825545,2.18068535825545,2.18068535825545,2.75114293805883,2.75114293805883,2.75114293805883
2005-01-28,2.690455961484,2.19012555461154,2.19012555461154,2.19012555461154,2.19012555461154,2.19012555461154,2.19012555461154,2.6540437755391,2.6540437755391,2.6540437755391
2005-01-29,2.54885301614274,2.19956575096762,2.19956575096762,2.19956575096762,2.19956575096762,2.19956575096762,2.19956575096762,2.54885301614274,2.54885301614274,2.54885301614274
2005-01-30,2.43557065986973,2.2090059473237,2.2090059473237,2.2090059473237,2.2090059473237,2.2090059473237,2.2090059473237,2.43557065986973,2.43557065986973,2.43557065986973
2005-01-31,2.32228830359671,2.21844614367979,2.21844614367979,2.21844614367979,2.21844614367979,2.21844614367979,2.21844614367979,2.32228830359671,2.32228830359671,2.32228830359671
2005-02-01,2.26564712546021,2.22788634003587,2.22788634003587,2.22788634003587,2.22788634003587,2.22788634003587,2.22788634003587,2.26564712546021,2.26564712546021,2.26564712546021
2005-02-02,2.23732653639196,2.23732653639196,2.23732653639196,2.23732653639196,2.23732653639196,2.23732653639196,2.23732653639196,2.23732653639196,2.23732653639196,2.23732653639196
2005-02-03,2.23732653639196,2.23732653639196,2.23732653639196,2.23732653639196,2.23732653639196,2.23732653639196,2.23732653639196,2.23732653639196,2.23732653639196,2.23732653639196
2005-02-04,2.27414330218068,2.26564712546021,2.26564712546021,2.26564712546021,2.24299065420561,2.24299065420561,2.24299065420561,2.27052998564439,2.27052998564439,2.27052998564439
2005-02-05,2.24582271311243,2.24582271311243,2.24582271311243,2.24582271311243,2.24582271311243,2.24582271311243,2.24582271311243,2.24582271311243,2.24582271311243,2.24582271311243
2005-02-06,2.28830359671481,2.28830359671481,2.28830359671481,2.28830359671481,2.26124170049404,2.26124170049404,2.26124170049404,2.28830359671481,2.28830359671481,2.28830359671481
2005-02-07,2.31662418578306,2.30812800906259,2.30812800906259,2.30812800906259,2.27666068787564,2.27666068787564,2.27666068787564,2.31662418578306,2.31662418578306,2.31662418578306
2005-02-08,2.69612007929765,2.32228830359671,2.32228830359671,2.32228830359671,2.29207967525724,2.29207967525724,2.29207967525724,2.33693688414926,2.33693688414926,2.33693688414926
2005-02-09,3.59671481166808,2.33644859813084,2.33644859813084,2.33644859813084,2.30749866263885,2.30749866263885,2.30749866263885,2.35353860877548,2.35353860877548,2.35353860877548
2005-02-10,5.83404134806004,2.35060889266497,2.35060889266497,2.35060889266497,2.32291765002045,2.32291765002045,2.32291765002045,2.37014033340169,2.37014033340169,2.37014033340169
2005-02-11,6.5137354856981,2.36476918719909,2.36476918719909,2.36476918719909,2.33833663740206,2.33833663740206,2.33833663740206,2.38674205802791,2.38674205802791,2.38674205802791
2005-02-12,5.09770603228547,2.37892948173322,2.37892948173322,2.37892948173322,2.35375562478366,2.35375562478366,2.35375562478366,2.40334378265413,2.40334378265413,2.40334378265413
2005-02-13,4.24808836023789,2.39308977626735,2.39308977626735,2.39308977626735,2.36917461216527,2.36917461216527,2.36917461216527,2.41994550728034,2.41994550728034,2.41994550728034
2005-02-14,8.97762673463608,2.40725007080147,2.40725007080147,2.40725007080147,2.38459359954687,2.38459359954687,2.38459359954687,2.43654723190656,2.43654723190656,2.43654723190656
2005-02-15,27.5276125743415,2.4214103653356,2.4214103653356,2.4214103653356,2.40001258692847,2.40001258692847,2.40001258692847,2.45314895653278,2.45314895653278,2.45314895653278
2005-02-16,44.7465307278391,2.43557065986973,2.43557065986973,2.43557065986973,2.41543157431008,2.41543157431008,2.41543157431008,2.469750681159,2.469750681159,2.469750681159
2005-02-17,51.8266779949023,2.44973095440385,2.44973095440385,2.44973095440385,2.43085056169168,2.43085056169168,2.43085056169168,2.48635240578521,2.48635240578521,2.48635240578521
2005-02-18,47.2953837439819,2.46389124893798,2.46389124893798,2.46389124893798,2.44626954907329,2.44626954907329,2.44626954907329,2.50295413041143,2.50295413041143,2.50295413041143
2005-02-19,32.5686774284905,2.4780515434721,2.4780515434721,2.4780515434721,2.46168853645489,2.46168853645489,2.46168853645489,2.51955585503765,2.51955585503765,2.51955585503765
2005-02-20,15.4913622203342,2.49221183800623,2.49221183800623,2.49221183800623,2.4771075238365,2.4771075238365,2.4771075238365,2.53615757966386,2.53615757966386,2.53615757966386
2005-02-21,8.35457377513452,2.50637213254036,2.50637213254036,2.50637213254036,2.4925265112181,2.4925265112181,2.4925265112181,2.55275930429008,2.55275930429008,2.55275930429008
2005-02-22,6.23052959501558,2.52053242707448,2.52053242707448,2.52053242707448,2.5079454985997,2.5079454985997,2.5079454985997,2.5693610289163,2.5693610289163,2.5693610289163
2005-02-23,4.95610308694421,2.53469272160861,2.53469272160861,2.53469272160861,2.52336448598131,2.52336448598131,2.52336448598131,2.58596275354251,2.58596275354251,2.58596275354251
2005-02-24,4.38969130557916,2.54885301614274,2.54885301614274,2.54885301614274,2.53878347336291,2.53878347336291,2.53878347336291,2.60256447816873,2.60256447816873,2.60256447816873
2005-02-25,3.68167657887284,2.56301331067686,2.56301331067686,2.56301331067686,2.55420246074452,2.55420246074452,2.55420246074452,2.61916620279495,2.61916620279495,2.61916620279495
2005-02-26,3.39847068819031,2.57717360521099,2.57717360521099,2.57717360521099,2.56962144812612,2.56962144812612,2.56962144812612,2.63576792742117,2.63576792742117,2.63576792742117
2005-02-27,2.97366185216652,2.59133389974511,2.59133389974511,2.59133389974511,2.58504043550773,2.58504043550773,2.58504043550773,2.65236965204738,2.65236965204738,2.65236965204738
2005-02-28,2.88870008496177,2.60549419427924,2.60549419427924,2.60549419427924,2.60045942288933,2.60045942288933,2.60045942288933,2.6689713766736,2.6689713766736,2.6689713766736
2005-03-01,2.83205890682526,2.61965448881337,2.61965448881337,2.61965448881337,2.61587841027093,2.61587841027093,2.61587841027093,2.68557310129982,2.68557310129982,2.68557310129982
2005-03-02,2.77541772868876,2.63381478334749,2.63381478334749,2.63381478334749,2.63129739765254,2.63129739765254,2.63129739765254,2.70217482592603,2.70217482592603,2.70217482592603
2005-03-03,2.71877655055225,2.64797507788162,2.64797507788162,2.64797507788162,2.64671638503414,2.64671638503414,2.64671638503414,2.71877655055225,2.71877655055225,2.71877655055225
2005-03-04,2.66213537241575,2.66213537241575,2.66213537241575,2.66213537241575,2.66213537241575,2.66213537241575,2.66213537241575,2.66213537241575,2.66213537241575,2.66213537241575
2005-03-05,2.77541772868876,2.7470971396205,2.7470971396205,2.7470971396205,2.7470971396205,2.7470971396205,2.7470971396205,2.7470971396205,2.7470971396205,2.7470971396205
2005-03-06,3.17190597564429,2.83205890682526,2.83205890682526,2.83205890682526,2.83205890682526,2.83205890682526,2.83205890682526,2.83205890682526,2.83205890682526,2.83205890682526
2005-03-07,5.66411781365052,2.91702067403002,2.91702067403002,2.91702067403002,2.91702067403002,2.91702067403002,2.91702067403002,2.91702067403002,2.91702067403002,2.91702067403002
2005-03-08,15.4064004531294,3.00198244123478,3.00198244123478,3.00198244123478,3.00198244123478,3.00198244123478,3.00198244123478,3.00198244123478,3.00198244123478,3.00198244123478
2005-03-09,22.4582271311243,3.08694420843953,3.08694420843953,3.08694420843953,3.08694420843953,3.08694420843953,3.08694420843953,3.08694420843953,3.08694420843953,3.08694420843953
2005-03-10,25.3752478051543,3.17190597564429,3.17190597564429,3.17190597564429,3.17190597564429,3.17190597564429,3.17190597564429,3.17190597564429,3.17190597564429,3.17190597564429
2005-03-11,22.2033418295101,3.25686774284905,3.25686774284905,3.25686774284905,3.25686774284905,3.25686774284905,3.25686774284905,3.25686774284905,3.25686774284905,3.25686774284905
2005-03-12,12.2628150665534,3.34182951005381,3.34182951005381,3.34182951005381,3.34182951005381,3.34182951005381,3.34182951005381,3.34182951005381,3.34182951005381,3.34182951005381
2005-03-13,7.47663551401869,3.42679127725857,3.42679127725857,3.42679127725857,3.42679127725857,3.42679127725857,3.42679127725857,3.42679127725857,3.42679127725857,3.42679127725857
2005-03-14,5.09770603228547,3.51175304446332,3.51175304446332,3.51175304446332,3.51175304446332,3.51175304446332,3.51175304446332,3.51175304446332,3.51175304446332,3.51175304446332
2005-03-15,4.24808836023789,3.59671481166808,3.59671481166808,3.59671481166808,3.59671481166808,3.59671481166808,3.59671481166808,3.59671481166808,3.59671481166808,3.59671481166808
2005-03-16,3.68167657887284,3.68167657887284,3.68167657887284,3.68167657887284,3.68167657887284,3.68167657887284,3.68167657887284,3.68167657887284,3.68167657887284,3.68167657887284
2005-03-17,4.24808836023789,3.63069951854999,3.63069951854999,3.63069951854999,3.6339142881199,3.6339142881199,3.6339142881199,3.63069951854999,3.63069951854999,3.63069951854999
2005-03-18,5.9756442934013,3.57972245822713,3.57972245822713,3.57972245822713,3.58615199736695,3.58615199736695,3.58615199736695,3.57972245822713,3.57972245822713,3.57972245822713
2005-03-19,7.75984140470122,3.52874539790428,3.52874539790428,3.52874539790428,3.53838970661401,3.53838970661401,3.53838970661401,3.52874539790428,3.52874539790428,3.52874539790428
2005-03-20,12.5177003681677,3.47776833758142,3.47776833758142,3.47776833758142,3.49062741586106,3.49062741586106,3.49062741586106,3.47776833758142,3.47776833758142,3.47776833758142
2005-03-21,19.5412064570943,3.42679127725857,3.42679127725857,3.42679127725857,3.44286512510812,3.44286512510812,3.44286512510812,3.42679127725857,3.42679127725857,3.42679127725857
2005-03-22,22.5715094873973,3.37581421693571,3.37581421693571,3.37581421693571,3.39510283435517,3.39510283435517,3.39510283435517,3.37581421693571,3.37581421693571,3.37581421693571
2005-03-23,26.4514301897479,3.32483715661286,3.32483715661286,3.32483715661286,3.34734054360223,3.34734054360223,3.34734054360223,3.32483715661286,3.32483715661286,3.32483715661286
2005-03-24,22.6281506655338,3.27386009629,3.27386009629,3.27386009629,3.29957825284928,3.29957825284928,3.29957825284928,3.27386009629,3.27386009629,3.27386009629
2005-03-25,15.0382327952421,3.22288303596715,3.22288303596715,3.22288303596715,3.25181596209634,3.25181596209634,3.25181596209634,3.22288303596715,3.22288303596715,3.22288303596715
2005-03-26,13.678844519966,3.17190597564429,3.17190597564429,3.17190597564429,3.20405367134339,3.20405367134339,3.20405367134339,3.17190597564429,3.17190597564429,3.17190597564429
2005-03-27,12.9425092041914,3.12092891532144,3.12092891532144,3.12092891532144,3.15629138059045,3.15629138059045,3.15629138059045,3.12092891532144,3.12092891532144,3.12092891532144
2005-03-28,12.0362503540074,3.06995185499858,3.06995185499858,3.06995185499858,3.1085290898375,3.1085290898375,3.1085290898375,3.06995185499858,3.06995185499858,3.06995185499858
2005-03-29,13.0841121495327,3.01897479467573,3.01897479467573,3.01897479467573,3.06076679908456,3.06076679908456,3.06076679908456,3.01897479467573,3.01897479467573,3.01897479467573
2005-03-30,12.9708297932597,2.96799773435287,2.96799773435287,2.96799773435287,3.01300450833161,3.01300450833161,3.01300450833161,2.96799773435287,2.96799773435287,2.96799773435287
2005-03-31,11.9796091758709,2.91702067403002,2.91702067403002,2.91702067403002,2.96524221757867,2.96524221757867,2.96524221757867,2.91702067403002,2.91702067403002,2.91702067403002
2005-04-01,10.0538091192297,2.86604361370716,2.86604361370716,2.86604361370716,2.91747992682572,2.91747992682572,2.91747992682572,2.86604361370716,2.86604361370716,2.86604361370716
2005-04-02,8.92098555649958,2.81506655338431,2.81506655338431,2.81506655338431,2.86971763607278,2.86971763607278,2.86971763607278,2.81506655338431,2.81506655338431,2.81506655338431
2005-04-03,11.214953271028,2.76408949306146,2.76408949306146,2.76408949306146,2.82195534531983,2.82195534531983,2.82195534531983,2.76408949306146,2.76408949306146,2.76408949306146
2005-04-04,7.64655904842821,2.7131124327386,2.7131124327386,2.7131124327386,2.77419305456689,2.77419305456689,2.77419305456689,2.7131124327386,2.7131124327386,2.7131124327386
2005-04-05,5.52251486830926,2.66213537241575,2.66213537241575,2.66213537241575,2.72643076381394,2.72643076381394,2.72643076381394,2.66213537241575,2.66213537241575,2.66213537241575
2005-04-06,4.50297366185217,2.61115831209289,2.61115831209289,2.61115831209289,2.678668473061,2.678668473061,2.678668473061,2.61115831209289,2.61115831209289,2.61115831209289
2005-04-07,3.99320305862362,2.56018125177004,2.56018125177004,2.56018125177004,2.63090618230805,2.63090618230805,2.63090618230805,2.56018125177004,2.56018125177004,2.56018125177004
2005-04-08,3.65335598980459,2.50920419144718,2.50920419144718,2.50920419144718,2.58314389155511,2.58314389155511,2.58314389155511,2.50920419144718,2.50920419144718,2.50920419144718
2005-04-09,3.37015009912206,2.45822713112433,2.45822713112433,2.45822713112433,2.53538160080216,2.53538160080216,2.53538160080216,2.45822713112433,2.45822713112433,2.45822713112433
2005-04-10,3.08694420843954,2.40725007080147,2.40725007080147,2.40725007080147,2.48761931004922,2.48761931004922,2.48761931004922,2.40725007080147,2.40725007080147,2.40725007080147
2005-04-11,2.86037949589351,2.35627301047862,2.35627301047862,2.35627301047862,2.43985701929627,2.43985701929627,2.43985701929627,2.35627301047862,2.35627301047862,2.35627301047862
2005-04-12,2.64797507788162,2.30529595015576,2.30529595015576,2.30529595015576,2.39209472854333,2.39209472854333,2.39209472854333,2.30529595015576,2.30529595015576,2.30529595015576
2005-04-13,2.45822713112433,2.25431888983291,2.25431888983291,2.25431888983291,2.34433243779038,2.34433243779038,2.34433243779038,2.25431888983291,2.25431888983291,2.25431888983291
2005-04-14,2.39592183517417,2.20334182951005,2.20334182951005,2.20334182951005,2.29657014703744,2.29657014703744,2.29657014703744,2.20334182951005,2.20334182951005,2.20334182951005
2005-04-15,2.30246389124894,2.1523647691872,2.1523647691872,2.1523647691872,2.24880785628449,2.24880785628449,2.24880785628449,2.1523647691872,2.1523647691872,2.1523647691872
2005-04-16,2.16652506372133,2.10138770886434,2.10138770886434,2.10138770886434,2.16652506372133,2.16652506372133,2.16652506372133,2.10138770886434,2.10138770886434,2.10138770886434
2005-04-17,2.09289153214387,2.05041064854149,2.05041064854149,2.05041064854149,2.09289153214387,2.09289153214387,2.09289153214387,2.05041064854149,2.05041064854149,2.05041064854149
2005-04-18,2.00509770603229,1.99943358821863,1.99943358821863,1.99943358821863,2.00509770603229,2.00509770603229,2.00509770603229,1.99943358821863,1.99943358821863,1.99943358821863
2005-04-19,1.94845652789578,1.94845652789578,1.94845652789578,1.94845652789578,1.94845652789578,1.94845652789578,1.94845652789578,1.94845652789578,1.94845652789578,1.94845652789578
2005-04-20,1.96828094024356,1.93712829226848,1.93712829226848,1.93712829226848,1.96828094024356,1.96828094024356,1.96828094024356,1.93712829226848,1.93712829226848,1.93712829226848
2005-04-21,1.94562446898896,1.92580005664118,1.92580005664118,1.92580005664118,1.94562446898896,1.94562446898896,1.94562446898896,1.92580005664118,1.92580005664118,1.92580005664118
2005-04-22,1.91447182101388,1.91447182101388,1.91447182101388,1.91447182101388,1.91447182101388,1.91447182101388,1.91447182101388,1.91447182101388,1.91447182101388,1.91447182101388
2005-04-23,2.02775417728689,1.91865247940014,1.91865247940014,1.91865247940014,1.91865247940014,1.91865247940014,1.91865247940014,1.91865247940014,1.91865247940014,1.91865247940014
2005-04-24,3.14358538657604,1.92283313778641,1.92283313778641,1.92283313778641,1.92283313778641,1.92283313778641,1.92283313778641,1.92283313778641,1.92283313778641,1.92283313778641
2005-04-25,7.36335315774568,1.92701379617267,1.92701379617267,1.92701379617267,1.92701379617267,1.92701379617267,1.92701379617267,1.92701379617267,1.92701379617267,1.92701379617267
2005-04-26,16.7657887284055,1.93119445455894,1.93119445455894,1.93119445455894,1.93119445455894,1.93119445455894,1.93119445455894,1.93119445455894,1.93119445455894,1.93119445455894
2005-04-27,27.2160860945908,1.93537511294521,1.93537511294521,1.93537511294521,1.93537511294521,1.93537511294521,1.93537511294521,1.93537511294521,1.93537511294521,1.93537511294521
2005-04-28,32.0022656471255,1.93955577133147,1.93955577133147,1.93955577133147,1.93955577133147,1.93955577133147,1.93955577133147,1.93955577133147,1.93955577133147,1.93955577133147
2005-04-29,21.183800623053,1.94373642971774,1.94373642971774,1.94373642971774,1.94373642971774,1.94373642971774,1.94373642971774,1.94373642971774,1.94373642971774,1.94373642971774
2005-04-30,10.8467856131408,1.947917088104,1.947917088104,1.947917088104,1.947917088104,1.947917088104,1.947917088104,1.947917088104,1.947917088104,1.947917088104
2005-05-01,6.88190314358539,1.95209774649027,1.95209774649027,1.95209774649027,1.95209774649027,1.95209774649027,1.95209774649027,1.95209774649027,1.95209774649027,1.95209774649027
2005-05-02,5.23930897762673,1.95627840487654,1.95627840487654,1.95627840487654,1.95627840487654,1.95627840487654,1.95627840487654,1.95627840487654,1.95627840487654,1.95627840487654
2005-05-03,4.33305012744265,1.9604590632628,1.9604590632628,1.9604590632628,1.9604590632628,1.9604590632628,1.9604590632628,1.9604590632628,1.9604590632628,1.9604590632628
2005-05-04,3.79495893514585,1.96463972164907,1.96463972164907,1.96463972164907,1.96463972164907,1.96463972164907,1.96463972164907,1.96463972164907,1.96463972164907,1.96463972164907
2005-05-05,3.39847068819031,1.96882038003533,1.96882038003533,1.96882038003533,1.96882038003533,1.96882038003533,1.96882038003533,1.96882038003533,1.96882038003533,1.96882038003533
2005-05-06,3.08694420843954,1.9730010384216,1.9730010384216,1.9730010384216,1.9730010384216,1.9730010384216,1.9730010384216,1.9730010384216,1.9730010384216,1.9730010384216
2005-05-07,2.82922684791844,1.97718169680787,1.97718169680787,1.97718169680787,1.97718169680787,1.97718169680787,1.97718169680787,1.97718169680787,1.97718169680787,1.97718169680787
2005-05-08,2.63664684225432,1.98136235519413,1.98136235519413,1.98136235519413,1.98136235519413,1.98136235519413,1.98136235519413,1.98136235519413,1.98136235519413,1.98136235519413
2005-05-09,2.4440668365902,1.9855430135804,1.9855430135804,1.9855430135804,1.9855430135804,1.9855430135804,1.9855430135804,1.9855430135804,1.9855430135804,1.9855430135804
2005-05-10,2.25148683092608,1.98972367196666,1.98972367196666,1.98972367196666,1.98972367196666,1.98972367196666,1.98972367196666,1.98972367196666,1.98972367196666,1.98972367196666
2005-05-11,2.17218918153498,1.99390433035293,1.99390433035293,1.99390433035293,1.99390433035293,1.99390433035293,1.99390433035293,1.99390433035293,1.99390433035293,1.99390433035293
2005-05-12,2.08722741433022,1.99808498873919,1.99808498873919,1.99808498873919,1.99808498873919,1.99808498873919,1.99808498873919,1.99808498873919,1.99808498873919,1.99808498873919
2005-05-13,2.00226564712546,2.00226564712546,2.00226564712546,2.00226564712546,2.00226564712546,2.00226564712546,2.00226564712546,2.00226564712546,2.00226564712546,2.00226564712546
2005-05-14,2.18351741716228,1.97309544038516,1.97309544038516,1.97309544038516,1.97414037246457,1.97414037246457,1.97855857337316,1.97309544038516,1.97309544038516,1.97309544038516
2005-05-15,3.03030303030303,1.94392523364486,1.94392523364486,1.94392523364486,1.94601509780369,1.94601509780369,1.95485149962087,1.94392523364486,1.94392523364486,1.94392523364486
2005-05-16,4.64457660719343,1.91475502690456,1.91475502690456,1.91475502690456,1.9178898231428,1.9178898231428,1.93114442586857,1.91475502690456,1.91475502690456,1.91475502690456
2005-05-17,4.27640894930615,1.88558482016426,1.88558482016426,1.88558482016426,1.88976454848192,1.88976454848192,1.90743735211628,1.88558482016426,1.88558482016426,1.88558482016426
2005-05-18,3.31350892098556,1.85641461342396,1.85641461342396,1.85641461342396,1.86163927382103,1.86163927382103,1.88373027836398,1.85641461342396,1.85641461342396,1.85641461342396
2005-05-19,2.79241008212971,1.82724440668366,1.82724440668366,1.82724440668366,1.83351399916015,1.83351399916015,1.86002320461169,1.82724440668366,1.82724440668366,1.82724440668366
2005-05-20,2.48937977909941,1.79807419994336,1.79807419994336,1.79807419994336,1.80538872449926,1.80538872449926,1.83631613085939,1.79807419994336,1.79807419994336,1.79807419994336
2005-05-21,2.31096006796941,1.76890399320306,1.76890399320306,1.76890399320306,1.77726344983838,1.77726344983838,1.8126090571071,1.76890399320306,1.76890399320306,1.76890399320306
2005-05-22,2.13254035683942,1.73973378646276,1.73973378646276,1.73973378646276,1.74913817517749,1.74913817517749,1.7889019833548,1.73973378646276,1.73973378646276,1.73973378646276
2005-05-23,2.26847918436703,1.71056357972246,1.71056357972246,1.71056357972246,1.72101290051661,1.72101290051661,1.76519490960251,1.71056357972246,1.71056357972246,1.71056357972246
2005-05-24,3.25686774284905,1.68139337298216,1.68139337298216,1.68139337298216,1.69288762585572,1.69288762585572,1.74148783585021,1.68139337298216,1.68139337298216,1.68139337298216
2005-05-25,3.31350892098556,1.65222316624186,1.65222316624186,1.65222316624186,1.66476235119484,1.66476235119484,1.71778076209792,1.65222316624186,1.65222316624186,1.65222316624186
2005-05-26,3.37015009912206,1.62305295950156,1.62305295950156,1.62305295950156,1.63663707653395,1.63663707653395,1.69407368834562,1.62305295950156,1.62305295950156,1.62305295950156
2005-05-27,2.88870008496177,1.59388275276126,1.59388275276126,1.59388275276126,1.60851180187306,1.60851180187306,1.67036661459333,1.59388275276126,1.59388275276126,1.59388275276126
2005-05-28,2.54035683942226,1.56471254602096,1.56471254602096,1.56471254602096,1.58038652721218,1.58038652721218,1.64665954084103,1.56471254602096,1.56471254602096,1.56471254602096
2005-05-29,2.27131124327386,1.53554233928066,1.53554233928066,1.53554233928066,1.55226125255129,1.55226125255129,1.62295246708873,1.53554233928066,1.53554233928066,1.53554233928066
2005-05-30,2.08439535542339,1.50637213254036,1.50637213254036,1.50637213254036,1.52413597789041,1.52413597789041,1.59924539333644,1.50637213254036,1.50637213254036,1.50637213254036
2005-05-31,1.92580005664118,1.47720192580006,1.47720192580006,1.47720192580006,1.49601070322952,1.49601070322952,1.57553831958414,1.47720192580006,1.47720192580006,1.47720192580006
2005-06-01,1.79269328802039,1.44803171905976,1.44803171905976,1.44803171905976,1.46788542856864,1.46788542856864,1.55183124583185,1.44803171905976,1.44803171905976,1.44803171905976
2005-06-02,1.69640328518833,1.41886151231946,1.41886151231946,1.41886151231946,1.43976015390775,1.43976015390775,1.52812417207955,1.41886151231946,1.41886151231946,1.41886151231946
2005-06-03,1.53214386859247,1.38969130557916,1.38969130557916,1.38969130557916,1.41163487924687,1.41163487924687,1.50441709832726,1.38969130557916,1.38969130557916,1.38969130557916
2005-06-04,1.41886151231946,1.36052109883886,1.36052109883886,1.36052109883886,1.38350960458598,1.38350960458598,1.41886151231946,1.36052109883886,1.36052109883886,1.36052109883886
2005-06-05,1.3112432738601,1.3112432738601,1.3112432738601,1.3112432738601,1.3112432738601,1.3112432738601,1.3112432738601,1.3112432738601,1.3112432738601,1.3112432738601
2005-06-06,1.28858680260549,1.28858680260549,1.28858680260549,1.28858680260549,1.28858680260549,1.28858680260549,1.28858680260549,1.28858680260549,1.28858680260549,1.28858680260549
2005-06-07,1.37638062871708,1.27301047861796,1.27301047861796,1.27301047861796,1.29913378060333,1.29913378060333,1.37638062871708,1.27301047861796,1.27301047861796,1.27301047861796
2005-06-08,1.24327386009629,1.24327386009629,1.24327386009629,1.24327386009629,1.24327386009629,1.24327386009629,1.24327386009629,1.24327386009629,1.24327386009629,1.24327386009629
2005-06-09,1.36222033418295,1.21467006513735,1.21467006513735,1.21467006513735,1.24288323128156,1.24288323128156,1.36217465581349,1.21467006513735,1.21467006513735,1.21467006513735
2005-06-10,1.35089209855565,1.18549985839705,1.18549985839705,1.18549985839705,1.21475795662067,1.21475795662067,1.33846758206119,1.18549985839705,1.18549985839705,1.18549985839705
2005-06-11,1.18663268195978,1.15632965165675,1.15632965165675,1.15632965165675,1.18663268195978,1.18663268195978,1.18663268195978,1.15632965165675,1.15632965165675,1.15632965165675
2005-06-12,1.12715944491645,1.12715944491645,1.12715944491645,1.12715944491645,1.12715944491645,1.12715944491645,1.12715944491645,1.12715944491645,1.12715944491645,1.12715944491645
2005-06-13,1.16964032851883,1.10857405834041,1.10857405834041,1.10857405834041,1.14771471117567,1.14698385726423,1.16964032851883,1.10903426791277,1.10857405834041,1.10857405834041
2005-06-14,1.45567827810818,1.08998867176437,1.08998867176437,1.08998867176437,1.12825572578361,1.12715944491645,1.24363928705201,1.09090909090909,1.08998867176437,1.08998867176437
2005-06-15,1.6029453412631,1.07140328518833,1.07140328518833,1.07140328518833,1.10879674039155,1.10733503256868,1.21993221329971,1.07278391390541,1.07140328518833,1.07140328518833
2005-06-16,2.61115831209289,1.05281789861229,1.05281789861229,1.05281789861229,1.0893377549995,1.0875106202209,1.19622513954742,1.05465873690173,1.05281789861229,1.05281789861229
2005-06-17,2.48371566128575,1.03423251203625,1.03423251203625,1.03423251203625,1.06987876960744,1.06768620787312,1.17251806579512,1.03653355989805,1.03423251203625,1.03423251203625
2005-06-18,2.4100821297083,1.01564712546021,1.01564712546021,1.01564712546021,1.05041978421538,1.04786179552535,1.14881099204283,1.01840838289436,1.01564712546021,1.01564712546021
2005-06-19,2.35627301047862,0.997061738884169,0.997061738884169,0.997061738884169,1.03096079882333,1.02803738317757,1.12510391829053,1.00028320589068,0.997061738884169,0.997061738884169
2005-06-20,2.13537241574625,0.978476352308128,0.978476352308128,0.978476352308128,1.01150181343127,1.00821297082979,1.10139684453824,0.982158028887001,0.978476352308128,0.978476352308128
2005-06-21,1.81534975927499,0.959890965732087,0.959890965732087,0.959890965732087,0.99204282803921,0.988388558482016,1.07768977078594,0.964032851883319,0.959890965732087,0.959890965732087
2005-06-22,1.58595298782215,0.941305579156046,0.941305579156046,0.941305579156046,0.972583842647153,0.968564146134239,1.05398269703365,0.945907674879637,0.941305579156046,0.941305579156046
2005-06-23,1.41319739450581,0.922720192580005,0.922720192580005,0.922720192580005,0.953124857255095,0.948739733786463,1.03027562328135,0.927782497875956,0.922720192580005,0.922720192580005
2005-06-24,1.29708297932597,0.904134806003965,0.904134806003965,0.904134806003965,0.933665871863038,0.928915321438686,1.00656854952906,0.909657320872274,0.904134806003965,0.904134806003965
2005-06-25,1.21495327102804,0.885549419427924,0.885549419427924,0.885549419427924,0.91420688647098,0.909090909090909,0.982861475776761,0.891532143868592,0.885549419427924,0.885549419427924
2005-06-26,1.0875106202209,0.866964032851883,0.866964032851883,0.866964032851883,0.894747901078923,0.889266496743132,0.959154402024465,0.873406966864911,0.866964032851883,0.866964032851883
2005-06-27,0.994052676295667,0.848378646275842,0.848378646275842,0.848378646275842,0.875288915686866,0.869442084395355,0.93544732827217,0.855281789861229,0.848378646275842,0.848378646275842
2005-06-28,0.937411498159162,0.829793259699802,0.829793259699802,0.829793259699802,0.855829930294808,0.849617672047578,0.911740254519875,0.837156612857547,0.829793259699802,0.829793259699802
2005-06-29,2.35060889266497,0.811207873123761,0.811207873123761,0.811207873123761,0.836370944902751,0.829793259699802,0.888033180767579,0.819031435853866,0.811207873123761,0.811207873123761
2005-06-30,2.20617388841688,0.79262248654772,0.79262248654772,0.79262248654772,0.816911959510693,0.809968847352025,0.864326107015284,0.800906258850184,0.79262248654772,0.79262248654772
2005-07-01,1.52647975077882,0.774037099971679,0.774037099971679,0.774037099971679,0.797452974118636,0.790144435004248,0.840619033262989,0.782781081846502,0.774037099971679,0.774037099971679
2005-07-02,1.35938827527613,0.755451713395639,0.755451713395639,0.755451713395639,0.777993988726578,0.770320022656471,0.816911959510693,0.764655904842821,0.755451713395639,0.755451713395639
2005-07-03,1.04786179552535,0.736866326819598,0.736866326819598,0.736866326819598,0.758535003334521,0.750495610308694,0.793204885758398,0.746530727839139,0.736866326819598,0.736866326819598
2005-07-04,0.892098555649957,0.718280940243557,0.718280940243557,0.718280940243557,0.739076017942463,0.730671197960918,0.769497812006102,0.728405550835457,0.718280940243557,0.718280940243557
2005-07-05,0.818465024072501,0.699695553667516,0.699695553667516,0.699695553667516,0.719617032550406,0.710846785613141,0.745790738253807,0.710280373831776,0.699695553667516,0.699695553667516
2005-07-06,0.821297082979326,0.681110167091475,0.681110167091475,0.681110167091475,0.700158047158349,0.691022373265364,0.722083664501512,0.692155196828094,0.681110167091475,0.681110167091475
2005-07-07,0.8071367884452,0.662524780515435,0.662524780515435,0.662524780515435,0.680699061766291,0.671197960917587,0.698376590749217,0.674030019824412,0.662524780515435,0.662524780515435
2005-07-08,0.787312376097423,0.643939393939394,0.643939393939394,0.643939393939394,0.661240076374234,0.65137354856981,0.674669516996921,0.655904842820731,0.643939393939394,0.643939393939394
2005-07-09,0.722175021240442,0.625354007363353,0.625354007363353,0.625354007363353,0.641781090982176,0.631549136222033,0.650962443244626,0.637779665817049,0.625354007363353,0.625354007363353
2005-07-10,0.668365902010762,0.606768620787312,0.606768620787312,0.606768620787312,0.622322105590119,0.611724723874256,0.627255369492331,0.619654488813367,0.606768620787312,0.606768620787312
2005-07-11,0.623052959501558,0.588183234211271,0.588183234211271,0.588183234211271,0.602863120198061,0.59190031152648,0.603548295740035,0.601529311809686,0.588183234211271,0.588183234211271
2005-07-12,0.583404134806004,0.569597847635231,0.569597847635231,0.569597847635231,0.583404134806004,0.572075899178703,0.57984122198774,0.583404134806004,0.569597847635231,0.569597847635231
2005-07-13,0.583404134806004,0.55101246105919,0.55101246105919,0.55101246105919,0.557915604644577,0.552251486830926,0.556134148235444,0.557915604644577,0.55101246105919,0.55101246105919
2005-07-14,0.532427074483149,0.532427074483149,0.532427074483149,0.532427074483149,0.532427074483149,0.532427074483149,0.532427074483149,0.532427074483149,0.532427074483149,0.532427074483149
2005-07-15,0.552251486830926,0.52720401502384,0.52720401502384,0.52720401502384,0.527289851349838,0.52720401502384,0.52720401502384,0.529089290771534,0.529089290771534,0.527289851349838
2005-07-16,2.88870008496177,0.521980955564531,0.521980955564531,0.521980955564531,0.522152628216527,0.521980955564531,0.521980955564531,0.525751507059918,0.525751507059918,0.522152628216527
2005-07-17,25.1203625035401,0.516757896105222,0.516757896105222,0.516757896105222,0.517015405083216,0.516757896105222,0.516757896105222,0.522413723348303,0.522413723348303,0.517015405083216
2005-07-18,8.01472670631549,0.511534836645914,0.511534836645914,0.511534836645914,0.511878181949905,0.511534836645914,0.511534836645914,0.519075939636687,0.519075939636687,0.511878181949905
2005-07-19,3.05862361937128,0.506311777186605,0.506311777186605,0.506311777186605,0.506740958816595,0.506311777186605,0.506311777186605,0.515738155925072,0.515738155925072,0.506740958816595
2005-07-20,2.1976777116964,0.501088717727296,0.501088717727296,0.501088717727296,0.501603735683284,0.501088717727296,0.501088717727296,0.512400372213456,0.512400372213456,0.501603735683284
2005-07-21,1.60011328235627,0.495865658267987,0.495865658267987,0.495865658267987,0.496466512549973,0.495865658267987,0.495865658267987,0.509062588501841,0.509062588501841,0.496466512549973
2005-07-22,1.30274709713962,0.490642598808678,0.490642598808678,0.490642598808678,0.491329289416662,0.490642598808678,0.490642598808678,0.505724804790225,0.505724804790225,0.491329289416662
2005-07-23,1.0875106202209,0.485419539349369,0.485419539349369,0.485419539349369,0.486192066283351,0.485419539349369,0.485419539349369,0.50238702107861,0.50238702107861,0.486192066283351
2005-07-24,1.01387708864344,0.48019647989006,0.48019647989006,0.48019647989006,0.48105484315004,0.48019647989006,0.48019647989006,0.499049237366994,0.499049237366994,0.48105484315004
2005-07-25,1.06202209005947,0.474973420430751,0.474973420430751,0.474973420430751,0.475917620016729,0.474973420430751,0.474973420430751,0.495711453655379,0.495711453655379,0.475917620016729
2005-07-26,1.32540356839422,0.469750360971443,0.469750360971443,0.469750360971443,0.470780396883418,0.469750360971443,0.469750360971443,0.492373669943763,0.492373669943763,0.470780396883418
2005-07-27,3.54007363353158,0.464527301512134,0.464527301512134,0.464527301512134,0.465643173750107,0.464527301512134,0.464527301512134,0.489035886232148,0.489035886232148,0.465643173750107
2005-07-28,2.39025771736052,0.459304242052825,0.459304242052825,0.459304242052825,0.460505950616796,0.459304242052825,0.459304242052825,0.485698102520532,0.485698102520532,0.460505950616796
2005-07-29,1.83800623052959,0.454081182593516,0.454081182593516,0.454081182593516,0.455368727483485,0.454081182593516,0.454081182593516,0.482360318808917,0.482360318808917,0.455368727483485
2005-07-30,1.43018974794676,0.448858123134207,0.448858123134207,0.448858123134207,0.450231504350174,0.448858123134207,0.448858123134207,0.479022535097301,0.479022535097301,0.450231504350174
2005-07-31,1.16397621070518,0.443635063674898,0.443635063674898,0.443635063674898,0.445094281216863,0.443635063674898,0.443635063674898,0.475684751385686,0.475684751385686,0.445094281216863
2005-08-01,0.991220617388842,0.438412004215589,0.438412004215589,0.438412004215589,0.439957058083552,0.438412004215589,0.438412004215589,0.47234696767407,0.47234696767407,0.439957058083552
2005-08-02,0.832625318606627,0.43318894475628,0.43318894475628,0.43318894475628,0.434819834950241,0.43318894475628,0.43318894475628,0.469009183962455,0.469009183962455,0.434819834950241
2005-08-03,0.713678844519966,0.427965885296972,0.427965885296972,0.427965885296972,0.42968261181693,0.427965885296972,0.427965885296972,0.46567140025084,0.46567140025084,0.42968261181693
2005-08-04,0.637213254035684,0.422742825837663,0.422742825837663,0.422742825837663,0.424545388683619,0.422742825837663,0.422742825837663,0.462333616539224,0.462333616539224,0.424545388683619
2005-08-05,0.614556782781082,0.417519766378354,0.417519766378354,0.417519766378354,0.419408165550309,0.417519766378354,0.417519766378354,0.458995832827609,0.458995832827609,0.419408165550309
2005-08-06,0.566411781365052,0.412296706919045,0.412296706919045,0.412296706919045,0.414270942416998,0.412296706919045,0.412296706919045,0.455658049115993,0.455658049115993,0.414270942416998
2005-08-07,0.532427074483149,0.407073647459736,0.407073647459736,0.407073647459736,0.409133719283687,0.407073647459736,0.407073647459736,0.452320265404378,0.452320265404378,0.409133719283687
2005-08-08,0.535259133389974,0.401850588000427,0.401850588000427,0.401850588000427,0.403996496150376,0.401850588000427,0.401850588000427,0.448982481692762,0.448982481692762,0.403996496150376
2005-08-09,0.487114131973945,0.396627528541118,0.396627528541118,0.396627528541118,0.398859273017065,0.396627528541118,0.396627528541118,0.445644697981147,0.445644697981147,0.398859273017065
2005-08-10,0.458793542905692,0.391404469081809,0.391404469081809,0.391404469081809,0.393722049883754,0.391404469081809,0.391404469081809,0.442306914269531,0.442306914269531,0.393722049883754
2005-08-11,0.438969130557916,0.3861814096225,0.3861814096225,0.3861814096225,0.388584826750443,0.3861814096225,0.3861814096225,0.438969130557916,0.438969130557916,0.388584826750443
2005-08-12,0.450297366185217,0.380958350163192,0.380958350163192,0.380958350163192,0.383447603617132,0.380958350163192,0.380958350163192,0.43047295383744,0.43047295383744,0.383447603617132
2005-08-13,0.43613707165109,0.375735290703883,0.375735290703883,0.375735290703883,0.378310380483821,0.375735290703883,0.375735290703883,0.421976777116964,0.421976777116964,0.378310380483821
2005-08-14,0.478617955253469,0.370512231244574,0.370512231244574,0.370512231244574,0.37317315735051,0.370512231244574,0.370512231244574,0.413480600396488,0.413480600396488,0.37317315735051
2005-08-15,0.540923251203625,0.365289171785265,0.365289171785265,0.365289171785265,0.368035934217199,0.365289171785265,0.365289171785265,0.404984423676012,0.404984423676012,0.368035934217199
2005-08-16,0.495610308694421,0.360066112325956,0.360066112325956,0.360066112325956,0.362898711083888,0.360066112325956,0.360066112325956,0.396488246955537,0.396488246955537,0.362898711083888
2005-08-17,0.441801189464741,0.354843052866647,0.354843052866647,0.354843052866647,0.357761487950577,0.354843052866647,0.354843052866647,0.387992070235061,0.387992070235061,0.357761487950577
2005-08-18,0.410648541489663,0.349619993407338,0.349619993407338,0.349619993407338,0.352624264817266,0.349619993407338,0.349619993407338,0.379495893514585,0.379495893514585,0.352624264817266
2005-08-19,0.413480600396488,0.344396933948029,0.344396933948029,0.344396933948029,0.347487041683955,0.344396933948029,0.344396933948029,0.370999716794109,0.370999716794109,0.347487041683955
2005-08-20,0.399320305862362,0.33917387448872,0.33917387448872,0.33917387448872,0.342349818550644,0.33917387448872,0.33917387448872,0.362503540073634,0.362503540073634,0.342349818550644
2005-08-21,0.385160011328236,0.333950815029412,0.333950815029412,0.333950815029412,0.337212595417334,0.333950815029412,0.333950815029412,0.354007363353158,0.354007363353158,0.337212595417334
2005-08-22,0.38232795242141,0.328727755570103,0.328727755570103,0.328727755570103,0.332075372284023,0.328727755570103,0.328727755570103,0.345511186632682,0.345511186632682,0.332075372284023
2005-08-23,0.354007363353158,0.323504696110794,0.323504696110794,0.323504696110794,0.326938149150712,0.323504696110794,0.323504696110794,0.337015009912206,0.337015009912206,0.326938149150712
2005-08-24,0.348343245539507,0.318281636651485,0.318281636651485,0.318281636651485,0.321800926017401,0.318281636651485,0.318281636651485,0.32851883319173,0.32851883319173,0.321800926017401
2005-08-25,0.348343245539507,0.313058577192176,0.313058577192176,0.313058577192176,0.31666370288409,0.313058577192176,0.313058577192176,0.320022656471255,0.320022656471255,0.31666370288409
2005-08-26,0.311526479750779,0.307835517732867,0.307835517732867,0.307835517732867,0.311526479750779,0.307835517732867,0.307835517732867,0.311526479750779,0.311526479750779,0.311526479750779
2005-08-27,0.362503540073634,0.302612458273558,0.302612458273558,0.302612458273558,0.30609836684603,0.302612458273558,0.302612458273558,0.30609836684603,0.30609836684603,0.30609836684603
2005-08-28,0.515434721042198,0.297389398814249,0.297389398814249,0.297389398814249,0.300670253941282,0.297389398814249,0.297389398814249,0.300670253941282,0.300670253941282,0.300670253941282
2005-08-29,0.606060606060606,0.292166339354941,0.292166339354941,0.292166339354941,0.295242141036534,0.292166339354941,0.292166339354941,0.295242141036534,0.295242141036534,0.295242141036534
2005-08-30,0.557915604644577,0.286943279895632,0.286943279895632,0.286943279895632,0.289814028131785,0.286943279895632,0.286943279895632,0.289814028131785,0.289814028131785,0.289814028131785
2005-08-31,0.515434721042198,0.281720220436323,0.281720220436323,0.281720220436323,0.284385915227037,0.281720220436323,0.281720220436323,0.284385915227037,0.284385915227037,0.284385915227037
2005-09-01,0.461625601812518,0.276497160977014,0.276497160977014,0.276497160977014,0.278957802322288,0.276497160977014,0.276497160977014,0.278957802322288,0.278957802322288,0.278957802322288
2005-09-02,0.438969130557916,0.271274101517705,0.271274101517705,0.271274101517705,0.27352968941754,0.271274101517705,0.271274101517705,0.27352968941754,0.27352968941754,0.27352968941754
2005-09-03,0.407816482582838,0.266051042058396,0.266051042058396,0.266051042058396,0.268101576512791,0.266051042058396,0.266051042058396,0.268101576512791,0.268101576512791,0.268101576512791
2005-09-04,0.379495893514585,0.260827982599087,0.260827982599087,0.260827982599087,0.262673463608043,0.260827982599087,0.260827982599087,0.262673463608043,0.262673463608043,0.262673463608043
2005-09-05,0.32851883319173,0.255604923139778,0.255604923139778,0.255604923139778,0.257245350703295,0.255604923139778,0.255604923139778,0.257245350703295,0.257245350703295,0.257245350703295
2005-09-06,0.303030303030303,0.250381863680469,0.250381863680469,0.250381863680469,0.251817237798546,0.250381863680469,0.250381863680469,0.251817237798546,0.251817237798546,0.251817237798546
2005-09-07,0.283205890682526,0.245158804221161,0.245158804221161,0.245158804221161,0.246389124893798,0.245158804221161,0.245158804221161,0.246389124893798,0.246389124893798,0.246389124893798
2005-09-08,0.294534126309827,0.239935744761852,0.239935744761852,0.239935744761852,0.240961011989049,0.239935744761852,0.239935744761852,0.240961011989049,0.240961011989049,0.240961011989049
2005-09-09,0.288870008496177,0.234712685302543,0.234712685302543,0.234712685302543,0.235532899084301,0.234712685302543,0.234712685302543,0.235532899084301,0.235532899084301,0.235532899084301
2005-09-10,0.254602095723591,0.229489625843234,0.229489625843234,0.229489625843234,0.230104786179553,0.229489625843234,0.229489625843234,0.230104786179553,0.230104786179553,0.230104786179553
2005-09-11,0.242424242424242,0.224266566383925,0.224266566383925,0.224266566383925,0.224676673274804,0.224266566383925,0.224266566383925,0.224676673274804,0.224676673274804,0.224676673274804
2005-09-12,0.215519682809402,0.215519682809402,0.215519682809402,0.215519682809402,0.215519682809402,0.215519682809402,0.215519682809402,0.215519682809402,0.215519682809402,0.215519682809402
2005-09-13,0.213820447465307,0.213820447465307,0.213820447465307,0.213820447465307,0.213820447465307,0.213820447465307,0.213820447465307,0.213820447465307,0.213820447465307,0.213820447465307
2005-09-14,0.226847918436703,0.216121495327103,0.216121495327103,0.216121495327103,0.216121495327103,0.216121495327103,0.216121495327103,0.216121495327103,0.216121495327103,0.216121495327103
2005-09-15,0.216086094590767,0.216086094590767,0.216086094590767,0.216086094590767,0.216086094590767,0.216086094590767,0.216086094590767,0.216086094590767,0.216086094590767,0.216086094590767
2005-09-16,0.291702067403002,0.220723591050694,0.220723591050694,0.220723591050694,0.220723591050694,0.220723591050694,0.220723591050694,0.220723591050694,0.220723591050694,0.220723591050694
2005-09-17,0.37666383460776,0.223024638912489,0.223024638912489,0.223024638912489,0.223024638912489,0.223024638912489,0.223024638912489,0.223024638912489,0.223024638912489,0.223024638912489
2005-09-18,0.410648541489663,0.225325686774285,0.225325686774285,0.225325686774285,0.225325686774285,0.225325686774285,0.225325686774285,0.225325686774285,0.225325686774285,0.225325686774285
2005-09-19,0.399320305862362,0.22762673463608,0.22762673463608,0.22762673463608,0.22762673463608,0.22762673463608,0.22762673463608,0.22762673463608,0.22762673463608,0.22762673463608
2005-09-20,0.438969130557916,0.229927782497876,0.229927782497876,0.229927782497876,0.229927782497876,0.229927782497876,0.229927782497876,0.229927782497876,0.229927782497876,0.229927782497876
2005-09-21,0.404984423676012,0.232228830359671,0.232228830359671,0.232228830359671,0.232228830359671,0.232228830359671,0.232228830359671,0.232228830359671,0.232228830359671,0.232228830359671
2005-09-22,0.447465307278391,0.234529878221467,0.234529878221467,0.234529878221467,0.234529878221467,0.234529878221467,0.234529878221467,0.234529878221467,0.234529878221467,0.234529878221467
2005-09-23,0.872274143302181,0.236830926083263,0.236830926083263,0.236830926083263,0.236830926083263,0.236830926083263,0.236830926083263,0.236830926083263,0.236830926083263,0.236830926083263
2005-09-24,1.16964032851883,0.239131973945058,0.239131973945058,0.239131973945058,0.239131973945058,0.239131973945058,0.239131973945058,0.239131973945058,0.239131973945058,0.239131973945058
2005-09-25,2.09005947323704,0.241433021806854,0.241433021806854,0.241433021806854,0.241433021806854,0.241433021806854,0.241433021806854,0.241433021806854,0.241433021806854,0.241433021806854
2005-09-26,1.61710563579722,0.243734069668649,0.243734069668649,0.243734069668649,0.243734069668649,0.243734069668649,0.243734069668649,0.243734069668649,0.243734069668649,0.243734069668649
2005-09-27,1.41319739450581,0.246035117530445,0.246035117530445,0.246035117530445,0.246035117530445,0.246035117530445,0.246035117530445,0.246035117530445,0.246035117530445,0.246035117530445
2005-09-28,1.00538091192297,0.24833616539224,0.24833616539224,0.24833616539224,0.24833616539224,0.24833616539224,0.24833616539224,0.24833616539224,0.24833616539224,0.24833616539224
2005-09-29,1.10167091475503,0.250637213254036,0.250637213254036,0.250637213254036,0.250637213254036,0.250637213254036,0.250637213254036,0.250637213254036,0.250637213254036,0.250637213254036
2005-09-30,1.12715944491645,0.252938261115831,0.252938261115831,0.252938261115831,0.252938261115831,0.252938261115831,0.252938261115831,0.252938261115831,0.252938261115831,0.252938261115831
2005-10-01,0.852449730954404,0.255239308977627,0.255239308977627,0.255239308977627,0.255239308977627,0.255239308977627,0.255239308977627,0.255239308977627,0.255239308977627,0.255239308977627
2005-10-02,0.775984140470122,0.257540356839422,0.257540356839422,0.257540356839422,0.257540356839422,0.257540356839422,0.257540356839422,0.257540356839422,0.257540356839422,0.257540356839422
2005-10-03,0.716510903426791,0.259841404701218,0.259841404701218,0.259841404701218,0.259841404701218,0.259841404701218,0.259841404701218,0.259841404701218,0.259841404701218,0.259841404701218
2005-10-04,0.682526196544888,0.262142452563013,0.262142452563013,0.262142452563013,0.262142452563013,0.262142452563013,0.262142452563013,0.262142452563013,0.262142452563013,0.262142452563013
2005-10-05,0.691022373265364,0.264443500424809,0.264443500424809,0.264443500424809,0.264443500424809,0.264443500424809,0.264443500424809,0.264443500424809,0.264443500424809,0.264443500424809
2005-10-06,0.642877371849334,0.266744548286604,0.266744548286604,0.266744548286604,0.266744548286604,0.266744548286604,0.266744548286604,0.266744548286604,0.266744548286604,0.266744548286604
2005-10-07,0.577740016992353,0.2690455961484,0.2690455961484,0.2690455961484,0.2690455961484,0.2690455961484,0.2690455961484,0.2690455961484,0.2690455961484,0.2690455961484
2005-10-08,0.521098838855848,0.271346644010195,0.271346644010195,0.271346644010195,0.271346644010195,0.271346644010195,0.271346644010195,0.271346644010195,0.271346644010195,0.271346644010195
2005-10-09,0.464457660719343,0.273647691871991,0.273647691871991,0.273647691871991,0.273647691871991,0.273647691871991,0.273647691871991,0.273647691871991,0.273647691871991,0.273647691871991
2005-10-10,0.433305012744265,0.275948739733786,0.275948739733786,0.275948739733786,0.275948739733786,0.275948739733786,0.275948739733786,0.275948739733786,0.275948739733786,0.275948739733786
2005-10-11,0.396488246955537,0.278249787595582,0.278249787595582,0.278249787595582,0.278249787595582,0.278249787595582,0.278249787595582,0.278249787595582,0.278249787595582,0.278249787595582
2005-10-12,0.37666383460776,0.280550835457378,0.280550835457378,0.280550835457378,0.280550835457378,0.280550835457378,0.280550835457378,0.280550835457378,0.280550835457378,0.280550835457378
2005-10-13,0.362503540073634,0.282851883319173,0.282851883319173,0.282851883319173,0.282851883319173,0.282851883319173,0.282851883319173,0.282851883319173,0.282851883319173,0.282851883319173
2005-10-14,0.37666383460776,0.285152931180969,0.285152931180969,0.285152931180969,0.285152931180969,0.285152931180969,0.285152931180969,0.285152931180969,0.285152931180969,0.285152931180969
2005-10-15,0.373831775700935,0.287453979042764,0.287453979042764,0.287453979042764,0.287453979042764,0.287453979042764,0.287453979042764,0.287453979042764,0.287453979042764,0.287453979042764
2005-10-16,0.359671481166808,0.28975502690456,0.28975502690456,0.28975502690456,0.28975502690456,0.28975502690456,0.28975502690456,0.28975502690456,0.28975502690456,0.28975502690456
2005-10-17,0.354007363353158,0.292056074766355,0.292056074766355,0.292056074766355,0.292056074766355,0.292056074766355,0.292056074766355,0.292056074766355,0.292056074766355,0.292056074766355
2005-10-18,0.373831775700935,0.294357122628151,0.294357122628151,0.294357122628151,0.294357122628151,0.294357122628151,0.294357122628151,0.294357122628151,0.294357122628151,0.294357122628151
2005-10-19,0.345511186632682,0.296658170489946,0.296658170489946,0.296658170489946,0.296658170489946,0.296658170489946,0.296658170489946,0.296658170489946,0.296658170489946,0.296658170489946
2005-10-20,0.342679127725857,0.298959218351742,0.298959218351742,0.298959218351742,0.298959218351742,0.298959218351742,0.298959218351742,0.298959218351742,0.298959218351742,0.298959218351742
2005-10-21,0.32851883319173,0.301260266213537,0.301260266213537,0.301260266213537,0.301260266213537,0.301260266213537,0.301260266213537,0.301260266213537,0.301260266213537,0.301260266213537
2005-10-22,0.317190597564429,0.303561314075333,0.303561314075333,0.303561314075333,0.303561314075333,0.303561314075333,0.303561314075333,0.303561314075333,0.303561314075333,0.303561314075333
2005-10-23,0.305862361937128,0.305862361937128,0.305862361937128,0.305862361937128,0.305862361937128,0.305862361937128,0.305862361937128,0.305862361937128,0.305862361937128,0.305862361937128
2005-10-24,0.32285471537808,NaN,NaN,NaN,NaN,NaN,NaN,0.32285471537808,0.32285471537808,NaN
2005-10-25,0.351175304446332,NaN,NaN,NaN,NaN,NaN,NaN,NaN,NaN,NaN
2005-10-26,0.351175304446332,NaN,NaN,NaN,NaN,NaN,NaN,NaN,NaN,NaN
2005-10-27,0.32285471537808,NaN,NaN,NaN,NaN,NaN,NaN,NaN,NaN,NaN
2005-10-28,0.342679127725857,NaN,NaN,NaN,NaN,NaN,NaN,NaN,NaN,NaN
2005-10-29,0.348343245539507,NaN,NaN,NaN,NaN,NaN,NaN,NaN,NaN,NaN
2005-10-30,0.356839422259983,NaN,NaN,NaN,NaN,NaN,NaN,NaN,NaN,NaN
2005-10-31,0.339847068819031,NaN,NaN,NaN,NaN,NaN,NaN,NaN,NaN,NaN
